TOWN,TRACT,LON,LAT,MEDV,CMEDV,CRIM,log_crim,ZN,INDUS,CHAS,NOX,RM,AGE,DIS,RAD,TAX,log_tax,PTRATIO,B,LSTAT,value_segment,high_value,dist_boston_core,north_south,east_west,spatial_zone
Bedford,3591,-71.27060889999998,42.4891231,31.1,31.1,0.02187,0.021634282125149704,60.0,2.93,0,0.401,6.8,9.9,6.2196,1,265,5.583496308781699,15.6,393.37,5.03,High,1,0.24960275862420456,Northern tracts,Western tracts,Northern tracts / Western tracts
Bedford,3593,-71.28140889999999,42.4921231,29.1,29.1,0.01439,0.01428744660806955,60.0,2.93,0,0.401,6.604,18.8,6.2196,1,265,5.583496308781699,15.6,376.7,4.38,High,1,0.2604147997960447,Northern tracts,Western tracts,Northern tracts / Western tracts
Beverly,2173,-70.89063233333334,42.56884496666667,18.7,18.7,0.14932,0.13917046313797143,25.0,5.13,0,0.453,5.741,66.2,7.2254,8,284,5.652489180268651,19.7,395.11,13.15,Mid-low,0,0.2670101507697976,Northern tracts,Eastern tracts,Northern tracts / Eastern tracts
Beverly,2174,-70.89213233333334,42.55484496666667,16.0,16.0,0.17171,0.15846422026338805,25.0,5.13,0,0.453,5.966,93.4,6.8185,8,284,5.652489180268651,19.7,378.08,14.44,Low,0,0.2552369654800169,Northern tracts,Eastern tracts,Northern tracts / Eastern tracts
Beverly,2175,-70.88213233333335,42.559844966666674,22.2,22.2,0.11027,0.1046032289886448,25.0,5.13,0,0.453,6.456,67.8,7.2255,8,284,5.652489180268651,19.7,396.9,6.73,Mid-high,0,0.26554982874678196,Northern tracts,Eastern tracts,Northern tracts / Eastern tracts
Beverly,2176,-70.88213233333335,42.55034496666667,25.0,25.0,0.1265,0.11911548089016208,25.0,5.13,0,0.453,6.762,43.4,7.9809,8,284,5.652489180268651,19.7,395.58,9.5,Mid-high,1,0.2584761249724573,Northern tracts,Eastern tracts,Northern tracts / Eastern tracts
Beverly,2172,-70.87363233333333,42.55484496666667,19.6,19.6,0.10328,0.09828756118394519,25.0,5.13,0,0.453,5.927,47.2,6.932,8,284,5.652489180268651,19.7,396.9,9.22,Mid-low,0,0.26755982922351235,Northern tracts,Eastern tracts,Northern tracts / Eastern tracts
Beverly,2171,-70.85963233333334,42.56184496666667,23.3,23.3,0.15445,0.1436240400828755,25.0,5.13,0,0.453,6.145,29.2,7.8148,8,284,5.652489180268651,19.7,390.68,6.86,Mid-high,0,0.282303713071778,Northern tracts,Eastern tracts,Northern tracts / Eastern tracts
Boston Allston-Brighton,3,-71.12718619999998,42.3607913,22.7,22.7,5.20177,1.8248347351792473,0.0,18.1,1,0.77,6.127,83.4,2.7227,24,666,6.502790045915623,20.2,395.43,11.48,Mid-high,0,0.07019066053348756,Northern tracts,Western tracts,Northern tracts / Western tracts
Boston Allston-Brighton,4,-71.13918619999998,42.3555913,22.6,22.6,4.26131,1.6603800451716153,0.0,18.1,0,0.77,6.112,81.3,2.5091,24,666,6.502790045915623,20.2,390.74,12.67,Mid-high,0,0.08230436261904278,Northern tracts,Western tracts,Northern tracts / Western tracts
Boston Allston-Brighton,5,-71.14488619999999,42.3535913,25.0,25.0,4.54192,1.7123410111146564,0.0,18.1,0,0.77,6.398,88.0,2.5182,24,666,6.502790045915623,20.2,374.56,7.79,Mid-high,1,0.08811955280258454,Northern tracts,Western tracts,Northern tracts / Western tracts
Boston Allston-Brighton,2,-71.13718619999999,42.3505913,21.7,21.7,3.8497,1.578916847366148,0.0,18.1,1,0.77,6.395,91.0,2.5052,24,666,6.502790045915623,20.2,391.34,13.27,Mid-high,0,0.08073630104313517,Southern tracts,Western tracts,Southern tracts / Western tracts
Boston Allston-Brighton,1,-71.13468619999999,42.3468913,17.8,17.8,8.98296,2.3008796395346813,0.0,18.1,1,0.77,6.212,97.4,2.1222,24,666,6.502790045915623,20.2,377.73,17.6,Mid-low,0,0.07878441271043436,Southern tracts,Western tracts,Southern tracts / Western tracts
Boston Allston-Brighton,7,-71.13068619999999,42.3535913,20.8,20.8,3.67822,1.5429176957008952,0.0,18.1,0,0.77,5.362,96.2,2.1036,24,666,6.502790045915623,20.2,380.79,10.19,Mid-low,0,0.07396436646201694,Northern tracts,Western tracts,Northern tracts / Western tracts
Boston Allston-Brighton,8,-71.12518619999999,42.3515913,16.8,16.8,4.22239,1.6529551515173315,0.0,18.1,1,0.77,5.803,89.0,1.9047,24,666,6.502790045915623,20.2,353.04,14.64,Low,0,0.0687027226980703,Northern tracts,Western tracts,Northern tracts / Western tracts
Boston Allston-Brighton,6,-71.13068619999999,42.3585913,19.9,19.9,3.83684,1.5762616149393935,0.0,18.1,0,0.77,6.251,91.1,2.2955,24,666,6.502790045915623,20.2,350.65,14.19,Mid-low,0,0.07369966421991023,Northern tracts,Western tracts,Northern tracts / Western tracts
Boston Back Bay,102,-71.0864757,42.35131480000001,27.5,27.5,4.55587,1.7148550264902072,0.0,18.1,0,0.718,3.561,87.9,1.6132,24,666,6.502790045915623,20.2,354.7,7.12,High,1,0.030728644446661044,Southern tracts,Western tracts,Southern tracts / Western tracts
Boston Back Bay,107,-71.0869757,42.34901480000001,50.0,50.0,4.89822,1.7746506104773532,0.0,18.1,0,0.631,4.97,100.0,1.3325,24,666,6.502790045915623,20.2,375.52,3.26,High,1,0.03192518143299036,Southern tracts,Western tracts,Southern tracts / Western tracts
Boston Back Bay,108,-71.0814757,42.34671480000001,50.0,50.0,5.66998,1.8976168614222872,0.0,18.1,1,0.631,6.683,96.8,1.3567,24,666,6.502790045915623,20.2,375.33,3.73,High,1,0.027848813790350178,Southern tracts,Western tracts,Southern tracts / Western tracts
Boston Back Bay,104,-71.07827569999999,42.34851480000001,21.9,21.9,3.69695,1.5469133618955864,0.0,18.1,0,0.718,4.963,91.4,1.7523,24,666,6.502790045915623,20.2,316.03,14.0,Mid-high,0,0.024177783801028946,Southern tracts,Eastern tracts,Southern tracts / Eastern tracts
Boston Back Bay,105,-71.0754757,42.35201480000001,23.1,23.1,13.5222,2.675678513070904,0.0,18.1,0,0.631,3.863,100.0,1.5106,24,666,6.502790045915623,20.2,131.42,13.33,Mid-high,0,0.020127466545237057,Northern tracts,Eastern tracts,Northern tracts / Eastern tracts
Boston Back Bay,101,-71.0771757,42.35401480000001,21.9,21.9,3.47428,1.4983454449272653,0.0,18.1,1,0.718,8.78,82.9,1.9047,24,666,6.502790045915623,20.2,354.55,5.29,Mid-high,0,0.02104474969035553,Northern tracts,Eastern tracts,Northern tracts / Eastern tracts
Boston Beacon Hill,201,-71.07173889999999,42.356999900000005,50.0,50.0,6.53876,2.020057712262034,0.0,18.1,1,0.631,7.016,97.5,1.2024,24,666,6.502790045915623,20.2,392.05,2.96,High,1,0.01504113603487031,Northern tracts,Eastern tracts,Northern tracts / Eastern tracts
Boston Beacon Hill,203,-71.0712389,42.35859990000001,50.0,50.0,8.26725,2.226486679687524,0.0,18.1,1,0.668,5.875,89.6,1.1296,24,666,6.502790045915623,20.2,347.88,8.88,High,1,0.014307569787348118,Northern tracts,Eastern tracts,Northern tracts / Eastern tracts
Boston Beacon Hill,202,-71.06923889999999,42.36079990000001,50.0,50.0,9.2323,2.3255493836278043,0.0,18.1,0,0.631,6.216,100.0,1.1691,24,666,6.502790045915623,20.2,366.15,9.53,High,1,0.012265011749675004,Northern tracts,Eastern tracts,Northern tracts / Eastern tracts
Boston Charlestown,406,-71.05779643333332,42.37573983333333,10.4,10.4,88.9762,4.4995451909142234,0.0,18.1,0,0.671,6.968,91.9,1.4165,24,666,6.502790045915623,20.2,396.9,17.21,Low,0,0.01575997015908836,Northern tracts,Eastern tracts,Northern tracts / Eastern tracts
Boston Charlestown,405,-71.05509643333333,42.37773983333334,10.2,10.2,17.8667,2.937398463323919,0.0,18.1,0,0.671,6.223,100.0,1.3861,24,666,6.502790045915623,20.2,393.74,21.78,Low,0,0.017841671803646545,Northern tracts,Eastern tracts,Northern tracts / Eastern tracts
Boston Charlestown,401,-71.05909643333332,42.37823983333334,15.0,15.0,19.6091,3.0257327258266167,0.0,18.1,0,0.671,7.313,97.9,1.3163,24,666,6.502790045915623,20.2,396.9,13.44,Low,0,0.018359917013675873,Northern tracts,Eastern tracts,Northern tracts / Eastern tracts
Boston Charlestown,403,-71.06109643333333,42.37653983333334,13.3,13.3,9.82349,2.381718772241792,0.0,18.1,0,0.671,6.794,98.8,1.358,24,666,6.502790045915623,20.2,396.9,21.24,Low,0,0.017039567270006786,Northern tracts,Eastern tracts,Northern tracts / Eastern tracts
Boston Charlestown,404,-71.06109643333333,42.37923983333334,13.1,13.1,23.6482,3.204703875510067,0.0,18.1,0,0.671,6.38,96.2,1.3861,24,666,6.502790045915623,20.2,396.9,23.69,Low,0,0.019671094345486143,Northern tracts,Eastern tracts,Northern tracts / Eastern tracts
Boston Charlestown,402,-71.06709643333333,42.38173983333333,13.9,13.9,15.288,2.7904286403681122,0.0,18.1,0,0.671,6.649,93.3,1.3449,24,666,6.502790045915623,20.2,363.02,23.24,Low,0,0.023969946170470796,Northern tracts,Eastern tracts,Northern tracts / Eastern tracts
Boston Dorchester,1004,-71.07444136363635,42.30573959090907,20.0,20.0,6.80117,2.0542737224466707,0.0,18.1,0,0.713,6.081,84.4,2.7175,24,666,6.502790045915623,20.2,396.9,14.7,Mid-low,0,0.05699467659536665,Southern tracts,Eastern tracts,Southern tracts / Eastern tracts
Boston Dorchester,1001,-71.07424136363636,42.30223959090908,12.7,12.7,4.66883,1.7349827472403847,0.0,18.1,0,0.713,5.976,87.9,2.5806,24,666,6.502790045915623,20.2,10.48,19.01,Low,0,0.060278764738432626,Southern tracts,Eastern tracts,Southern tracts / Eastern tracts
Boston Dorchester,1011,-71.07024136363636,42.30123959090907,19.0,19.0,3.77498,1.5633897854422465,0.0,18.1,0,0.655,5.952,84.7,2.8715,24,666,6.502790045915623,20.2,22.01,17.15,Mid-low,0,0.06023387242643081,Southern tracts,Eastern tracts,Southern tracts / Eastern tracts
Boston Dorchester,1002,-71.06574136363636,42.30123959090907,13.5,13.5,8.20058,2.219266525546099,0.0,18.1,0,0.713,5.936,80.3,2.7792,24,666,6.502790045915623,20.2,3.5,16.94,Low,0,0.05940704600261218,Southern tracts,Eastern tracts,Southern tracts / Eastern tracts
Boston Dorchester,1003,-71.06574136363636,42.30503959090908,14.9,14.9,7.75223,2.1693085250418154,0.0,18.1,0,0.713,6.301,83.7,2.7831,24,666,6.502790045915623,20.2,272.21,16.23,Low,0,0.055651217467940856,Southern tracts,Eastern tracts,Southern tracts / Eastern tracts
Boston Dorchester,1005,-71.05774136363635,42.30673959090908,16.4,16.4,4.81213,1.7599471129733726,0.0,18.1,0,0.713,6.701,90.0,2.5975,24,666,6.502790045915623,20.2,255.23,16.42,Low,0,0.053265568583966,Southern tracts,Eastern tracts,Southern tracts / Eastern tracts
Boston Dorchester,1007,-71.05374136363636,42.30173959090907,19.5,19.5,6.65492,2.035348578369212,0.0,18.1,0,0.713,6.317,83.0,2.7344,24,666,6.502790045915623,20.2,396.9,13.99,Mid-low,0,0.05835146937646573,Southern tracts,Eastern tracts,Southern tracts / Eastern tracts
Boston Dorchester,1009,-71.05854136363635,42.29973959090907,21.4,21.4,7.83932,2.1792099506138976,0.0,18.1,0,0.655,6.209,65.4,2.9634,24,666,6.502790045915623,20.2,396.9,13.22,Mid-high,0,0.0602801186600163,Southern tracts,Eastern tracts,Southern tracts / Eastern tracts
Boston Dorchester,1010,-71.06774136363636,42.296239590909074,19.9,19.9,3.1636,1.4263800846591763,0.0,18.1,0,0.655,5.759,48.2,3.0665,24,666,6.502790045915623,20.2,334.4,14.13,Mid-low,0,0.06465884827469894,Southern tracts,Eastern tracts,Southern tracts / Eastern tracts
Boston Dorchester,1008,-71.07774136363636,42.29723959090907,20.2,20.2,5.82115,1.9200280793412094,0.0,18.1,0,0.713,6.513,89.9,2.8016,24,666,6.502790045915623,20.2,393.82,10.29,Mid-low,0,0.06609896455131739,Southern tracts,Eastern tracts,Southern tracts / Eastern tracts
Boston Dorchester,1006,-71.07774136363636,42.30073959090908,17.7,17.7,3.69311,1.546095475702301,0.0,18.1,0,0.713,6.376,88.4,2.5671,24,666,6.502790045915623,20.2,391.43,14.65,Mid-low,0,0.06278535060918815,Southern tracts,Eastern tracts,Southern tracts / Eastern tracts
Boston Downtown,705,-71.05146779999998,42.3684339,17.2,17.2,7.40389,2.1286946938918567,0.0,18.1,0,0.597,5.617,97.9,1.4547,24,666,6.502790045915623,20.2,314.64,26.4,Mid-low,0,0.010086421865568016,Northern tracts,Eastern tracts,Northern tracts / Eastern tracts
Boston Downtown,706,-71.05516779999998,42.3576339,27.5,27.5,14.4383,2.736851434907838,0.0,18.1,0,0.597,6.852,100.0,1.4655,24,666,6.502790045915623,20.2,179.36,19.78,High,1,0.0029925551039320032,Northern tracts,Eastern tracts,Northern tracts / Eastern tracts
Boston Downtown,703,-71.05616779999998,42.3536339,27.9,27.9,11.9511,2.5611807266231144,0.0,18.1,0,0.659,5.608,100.0,1.2852,24,666,6.502790045915623,20.2,332.09,12.13,High,1,0.006420263705646765,Northern tracts,Eastern tracts,Northern tracts / Eastern tracts
Boston Downtown,702,-71.05796779999999,42.3546339,11.9,11.9,20.7162,3.0780585258000213,0.0,18.1,0,0.659,4.138,100.0,1.1781,24,666,6.502790045915623,20.2,370.22,23.34,Low,0,0.005452675127854994,Northern tracts,Eastern tracts,Northern tracts / Eastern tracts
Boston Downtown,708,-71.05866779999998,42.3561339,17.2,17.2,14.0507,2.7114245017411593,0.0,18.1,0,0.597,6.657,100.0,1.5275,24,666,6.502790045915623,20.2,35.05,21.22,Mid-low,0,0.004210497126219089,Northern tracts,Eastern tracts,Northern tracts / Eastern tracts
Boston Downtown,709,-71.06116779999998,42.3534339,17.9,17.9,18.811,2.9862373389921895,0.0,18.1,0,0.597,4.628,100.0,1.5539,24,666,6.502790045915623,20.2,28.79,34.37,Mid-low,0,0.007777160539027722,Northern tracts,Eastern tracts,Northern tracts / Eastern tracts
Boston Downtown,710,-71.05946779999998,42.3516339,16.3,16.3,28.6558,3.3896577218278483,0.0,18.1,0,0.597,5.155,100.0,1.5894,24,666,6.502790045915623,20.2,210.97,20.08,Low,0,0.008722480498678369,Northern tracts,Eastern tracts,Northern tracts / Eastern tracts
Boston Downtown,707,-71.05756779999999,42.3501339,15.0,15.0,51.1358,3.9538518529018067,0.0,18.1,0,0.597,5.757,100.0,1.413,24,666,6.502790045915623,20.2,2.6,10.11,Low,0,0.009882425109754806,Southern tracts,Eastern tracts,Southern tracts / Eastern tracts
Boston East Boston,506,-71.05915176666666,42.37300536666667,10.5,10.5,24.3938,3.2345050497403935,0.0,18.1,0,0.7,4.652,100.0,1.4672,24,666,6.502790045915623,20.2,396.9,28.28,Low,0,0.013182172124586384,Northern tracts,Eastern tracts,Northern tracts / Eastern tracts
Boston East Boston,509,-71.04115176666666,42.37270536666667,11.5,11.5,8.15174,2.213944025142987,0.0,18.1,0,0.7,5.39,98.9,1.7281,24,666,6.502790045915623,20.2,396.9,20.85,Low,0,0.020312381493136265,Northern tracts,Eastern tracts,Northern tracts / Eastern tracts
Boston East Boston,501,-71.03965176666667,42.371005366666665,11.3,11.3,9.18702,2.321114360892544,0.0,18.1,0,0.7,5.536,100.0,1.5804,24,666,6.502790045915623,20.2,396.9,23.6,Low,0,0.02054456850984361,Northern tracts,Eastern tracts,Northern tracts / Eastern tracts
Boston East Boston,502,-71.04265176666667,42.36750536666667,12.3,12.3,7.99248,2.19638867250955,0.0,18.1,0,0.7,5.52,100.0,1.5331,24,666,6.502790045915623,20.2,396.9,24.56,Low,0,0.01619266280106647,Northern tracts,Eastern tracts,Northern tracts / Eastern tracts
Boston East Boston,503,-71.04165176666666,42.36530536666667,8.8,8.8,20.0849,3.04855714447919,0.0,18.1,0,0.7,4.368,91.2,1.4395,24,666,6.502790045915623,20.2,285.83,30.63,Low,0,0.01623930977358615,Northern tracts,Eastern tracts,Northern tracts / Eastern tracts
Boston East Boston,407,-71.04095176666667,42.36710536666667,10.9,10.9,15.8744,2.825797680570924,0.0,18.1,0,0.671,6.545,99.1,1.5192,24,666,6.502790045915623,20.2,396.9,21.08,Low,0,0.017550841250180867,Northern tracts,Eastern tracts,Northern tracts / Eastern tracts
Boston East Boston,504,-71.03965176666667,42.36880536666667,7.2,7.2,16.8118,2.879861159011059,0.0,18.1,0,0.7,5.277,98.1,1.4261,24,666,6.502790045915623,20.2,396.9,30.81,Low,0,0.0194549654824268,Northern tracts,Eastern tracts,Northern tracts / Eastern tracts
Boston East Boston,508,-71.03765176666666,42.369505366666665,10.2,10.2,14.3337,2.730053020578551,0.0,18.1,0,0.7,4.88,100.0,1.5895,24,666,6.502790045915623,20.2,372.92,30.62,Low,0,0.02155704359575718,Northern tracts,Eastern tracts,Northern tracts / Eastern tracts
Boston East Boston,512,-71.03495176666667,42.372105366666666,9.7,9.7,11.5779,2.531941305700138,0.0,18.1,0,0.7,5.036,97.0,1.77,24,666,6.502790045915623,20.2,396.9,25.68,Low,0,0.025152822808895612,Northern tracts,Eastern tracts,Northern tracts / Eastern tracts
Boston East Boston,511,-71.02905176666667,42.374005366666665,23.2,23.2,5.29305,1.8394458498493202,0.0,18.1,0,0.7,6.051,82.5,2.1678,24,666,6.502790045915623,20.2,378.38,18.76,Mid-high,0,0.031261062712617534,Northern tracts,Eastern tracts,Northern tracts / Eastern tracts
Boston East Boston,507,-71.02165176666666,42.377005366666666,7.4,7.4,22.5971,3.1611238231251,0.0,18.1,0,0.7,5.0,89.5,1.5184,24,666,6.502790045915623,20.2,396.9,31.99,Low,0,0.03922601299209274,Northern tracts,Eastern tracts,Northern tracts / Eastern tracts
Boston East Boston,510,-71.03815176666666,42.36450536666667,15.1,15.1,6.96215,2.0746990638882306,0.0,18.1,0,0.7,5.713,97.0,1.9265,24,666,6.502790045915623,20.2,394.43,17.11,Low,0,0.019379221568198306,Northern tracts,Eastern tracts,Northern tracts / Eastern tracts
Boston Forest Hills,1201,-71.12008757142857,42.29015247142857,29.8,29.8,4.64689,1.7311049511313974,0.0,18.1,0,0.614,6.98,67.6,2.5329,24,666,6.502790045915623,20.2,374.68,11.66,High,1,0.09412076772047345,Southern tracts,Western tracts,Southern tracts / Western tracts
Boston Forest Hills,1202,-71.10188757142858,42.28915247142857,13.8,13.8,8.05579,2.203404332146021,0.0,18.1,0,0.584,5.427,95.4,2.4298,24,666,6.502790045915623,20.2,352.58,18.14,Low,0,0.0838705334037801,Southern tracts,Western tracts,Southern tracts / Western tracts
Boston Forest Hills,1203,-71.09798757142858,42.29405247142857,13.3,13.3,6.39312,2.000549838013637,0.0,18.1,0,0.584,6.162,97.4,2.206,24,666,6.502790045915623,20.2,302.76,24.1,Low,0,0.07764700597120083,Southern tracts,Western tracts,Southern tracts / Western tracts
Boston Forest Hills,1205,-71.10338757142857,42.294152471428575,12.0,12.0,15.0234,2.7740501538282305,0.0,18.1,0,0.614,5.304,97.3,2.1007,24,666,6.502790045915623,20.2,349.48,24.91,Low,0,0.08054628360144903,Southern tracts,Western tracts,Southern tracts / Western tracts
Boston Forest Hills,1206,-71.09968757142857,42.29815247142857,14.6,14.6,10.233,2.418855874659432,0.0,18.1,0,0.614,6.185,96.7,2.1705,24,666,6.502790045915623,20.2,379.7,18.03,Low,0,0.07514882264455622,Southern tracts,Western tracts,Southern tracts / Western tracts
Boston Forest Hills,1207,-71.10268757142858,42.29745247142857,21.4,21.4,14.3337,2.730053020578551,0.0,18.1,0,0.614,6.229,88.0,1.9512,24,666,6.502790045915623,20.2,383.32,13.11,Mid-high,0,0.0774567460808589,Southern tracts,Western tracts,Southern tracts / Western tracts
Boston Forest Hills,1204,-71.11388757142856,42.30065247142857,16.7,16.7,4.87141,1.7700948094248417,0.0,18.1,0,0.614,6.484,93.6,2.3053,24,666,6.502790045915623,20.2,396.21,18.68,Low,0,0.0822090319282269,Southern tracts,Western tracts,Southern tracts / Western tracts
Boston Hyde Park,1402,-71.1314809,42.2566539,21.2,21.2,3.67367,1.541944630286521,0.0,18.1,0,0.583,6.312,51.9,3.9917,24,666,6.502790045915623,20.2,388.62,10.58,Mid-low,0,0.12738846435222775,Southern tracts,Western tracts,Southern tracts / Western tracts
Boston Hyde Park,1404,-71.1260809,42.2481539,20.6,20.6,4.83567,1.763989083482614,0.0,18.1,0,0.583,5.905,53.2,3.1523,24,666,6.502790045915623,20.2,388.22,11.45,Mid-low,0,0.13145995903704158,Southern tracts,Western tracts,Southern tracts / Western tracts
Boston Hyde Park,1403,-71.1225809,42.2576539,19.1,19.1,5.69175,1.9008754243872985,0.0,18.1,0,0.583,6.114,79.8,3.5459,24,666,6.502790045915623,20.2,392.68,14.98,Mid-low,0,0.12155483795398571,Southern tracts,Western tracts,Southern tracts / Western tracts
Boston Hyde Park,1401,-71.1160809,42.2636539,20.6,20.6,2.37857,1.2174525430495582,0.0,18.1,0,0.583,5.871,41.9,3.724,24,666,6.502790045915623,20.2,370.73,13.34,Mid-low,0,0.11301824512006628,Southern tracts,Western tracts,Southern tracts / Western tracts
Boston Mattapan,1101,-71.08324146666666,42.283258366666665,19.1,19.1,4.42228,1.690516391203815,0.0,18.1,0,0.584,6.003,94.5,2.5403,24,666,6.502790045915623,20.2,331.29,21.32,Mid-low,0,0.08110420987523057,Southern tracts,Western tracts,Southern tracts / Western tracts
Boston Mattapan,1102,-71.08724146666665,42.27325836666667,19.1,19.1,15.5757,2.807937767457695,0.0,18.1,0,0.58,5.926,71.0,2.9084,24,666,6.502790045915623,20.2,368.74,18.13,Mid-low,0,0.09186216446113447,Southern tracts,Western tracts,Southern tracts / Western tracts
Boston Mattapan,1106,-71.08624146666666,42.27775836666667,23.2,23.2,3.56868,1.5192243229211484,0.0,18.1,0,0.58,6.437,75.0,2.8965,24,666,6.502790045915623,20.2,393.37,14.36,Mid-high,0,0.0872854491089537,Southern tracts,Western tracts,Southern tracts / Western tracts
Boston Mattapan,1104,-71.09124146666666,42.27325836666667,19.9,19.9,4.34879,1.6768703671037264,0.0,18.1,0,0.58,6.167,84.0,3.0334,24,666,6.502790045915623,20.2,396.9,16.29,Mid-low,0,0.0932555038205149,Southern tracts,Western tracts,Southern tracts / Western tracts
Boston Mattapan,1103,-71.09974146666666,42.27505836666667,20.1,20.1,13.0751,2.6444072787962525,0.0,18.1,0,0.58,5.713,56.7,2.8237,24,666,6.502790045915623,20.2,396.9,14.76,Mid-low,0,0.0950889796251415,Southern tracts,Western tracts,Southern tracts / Western tracts
Boston Mattapan,1105,-71.10054146666666,42.280258366666665,19.6,19.6,4.03841,1.6170905561197193,0.0,18.1,0,0.532,6.229,90.7,3.0993,24,666,6.502790045915623,20.2,395.33,12.87,Mid-low,0,0.090854759953187,Southern tracts,Western tracts,Southern tracts / Western tracts
Boston North End,302,-71.0538839,42.3657024,13.8,13.8,18.4982,2.970322153616776,0.0,18.1,0,0.668,4.138,100.0,1.137,24,666,6.502790045915623,20.2,396.9,37.97,Low,0,0.006498264766077568,Northern tracts,Eastern tracts,Northern tracts / Eastern tracts
Boston North End,301,-71.0545839,42.3637024,13.8,13.8,11.1081,2.493874650127679,0.0,18.1,0,0.668,4.906,100.0,1.1742,24,666,6.502790045915623,20.2,396.9,34.77,Low,0,0.004421007234786667,Northern tracts,Eastern tracts,Northern tracts / Eastern tracts
Boston Roxbury,814,-71.07885901052632,42.31847148421053,8.3,8.3,15.8603,2.8249617460097114,0.0,18.1,0,0.679,5.896,95.4,1.9096,24,666,6.502790045915623,20.2,7.68,24.39,Low,0,0.04693009657848548,Southern tracts,Eastern tracts,Southern tracts / Eastern tracts
Boston Roxbury,808,-71.08235901052632,42.31527148421053,8.4,8.4,11.8123,2.5504056470206957,0.0,18.1,0,0.718,6.824,76.5,1.794,24,666,6.502790045915623,20.2,48.45,22.74,Low,0,0.05141711329511692,Southern tracts,Western tracts,Southern tracts / Western tracts
Boston Roxbury,807,-71.08455901052632,42.31647148421053,8.8,8.8,73.5341,4.3112567387853336,0.0,18.1,0,0.679,5.957,100.0,1.8026,24,666,6.502790045915623,20.2,16.45,20.62,Low,0,0.05151922697424407,Southern tracts,Western tracts,Southern tracts / Western tracts
Boston Roxbury,805,-71.08665901052632,42.32067148421053,10.4,10.4,25.9406,3.293634442449129,0.0,18.1,0,0.679,5.304,89.1,1.6475,24,666,6.502790045915623,20.2,127.36,26.64,Low,0,0.04925839075327989,Southern tracts,Western tracts,Southern tracts / Western tracts
Boston Roxbury,803,-71.08935901052631,42.31887148421053,7.5,7.5,10.8342,2.4709936445680034,0.0,18.1,0,0.679,6.782,90.8,1.8195,24,666,6.502790045915623,20.2,21.57,25.79,Low,0,0.05233221162234625,Southern tracts,Western tracts,Southern tracts / Western tracts
Boston Roxbury,802,-71.09545901052631,42.31987148421053,7.2,7.2,18.0846,2.9488817271093315,0.0,18.1,0,0.679,6.434,100.0,1.8347,24,666,6.502790045915623,20.2,27.25,29.05,Low,0,0.055582310766362504,Southern tracts,Western tracts,Southern tracts / Western tracts
Boston Roxbury,801,-71.09865901052632,42.31897148421053,7.0,7.0,45.7461,3.844730829794956,0.0,18.1,0,0.693,4.519,100.0,1.6582,24,666,6.502790045915623,20.2,88.27,36.98,Low,0,0.058470610274894586,Southern tracts,Western tracts,Southern tracts / Western tracts
Boston Roxbury,812,-71.10185901052631,42.32177148421053,13.4,13.4,7.05042,2.085724263982504,0.0,18.1,0,0.614,6.103,85.1,2.0218,24,666,6.502790045915623,20.2,2.52,23.29,Low,0,0.05893852937480954,Southern tracts,Western tracts,Southern tracts / Western tracts
Boston Roxbury,815,-71.10335901052632,42.31697148421053,10.2,10.2,12.2472,2.5837862093461372,0.0,18.1,0,0.584,5.837,59.7,1.9976,24,666,6.502790045915623,20.2,24.65,15.69,Low,0,0.06325038361958013,Southern tracts,Western tracts,Southern tracts / Western tracts
Boston Roxbury,811,-71.09875901052631,42.31477148421053,20.8,20.8,12.0482,2.5686501932208596,0.0,18.1,0,0.614,5.648,87.6,1.9512,24,666,6.502790045915623,20.2,291.55,14.1,Mid-low,0,0.06155837555243212,Southern tracts,Western tracts,Southern tracts / Western tracts
Boston Roxbury,813,-71.09585901052631,42.31197148421053,11.7,11.7,8.79212,2.2815779805968406,0.0,18.1,0,0.584,5.565,70.6,2.0635,24,666,6.502790045915623,20.2,3.65,17.16,Low,0,0.06177994033683605,Southern tracts,Western tracts,Southern tracts / Western tracts
Boston Roxbury,816,-71.09455901052631,42.31667148421053,10.9,10.9,37.6619,3.6548546189770925,0.0,18.1,0,0.679,6.202,78.7,1.8629,24,666,6.502790045915623,20.2,18.82,14.52,Low,0,0.05734142963193019,Southern tracts,Western tracts,Southern tracts / Western tracts
Boston Roxbury,809,-71.09265901052632,42.31367148421053,16.7,16.7,11.0874,2.492163587735884,0.0,18.1,0,0.718,6.411,100.0,1.8589,24,666,6.502790045915623,20.2,318.75,15.02,Low,0,0.05846277796146041,Southern tracts,Western tracts,Southern tracts / Western tracts
Boston Roxbury,817,-71.09105901052631,42.31607148421053,11.0,11.0,7.36711,2.1243085441136205,0.0,18.1,0,0.679,6.193,78.1,1.9356,24,666,6.502790045915623,20.2,96.73,21.52,Low,0,0.0555853460679747,Southern tracts,Western tracts,Southern tracts / Western tracts
Boston Roxbury,818,-71.08895901052631,42.31397148421053,9.5,9.5,9.33889,2.335912513221137,0.0,18.1,0,0.679,6.38,95.6,1.9682,24,666,6.502790045915623,20.2,60.72,24.08,Low,0,0.05603572627888167,Southern tracts,Western tracts,Southern tracts / Western tracts
Boston Roxbury,819,-71.08535901052632,42.31197148421053,14.5,14.5,8.49213,2.2504630342235155,0.0,18.1,0,0.584,6.348,86.1,2.0527,24,666,6.502790045915623,20.2,83.45,17.64,Low,0,0.055776086336089506,Southern tracts,Western tracts,Southern tracts / Western tracts
Boston Roxbury,820,-71.09155901052631,42.30897148421053,14.1,14.1,10.0623,2.4035429310745737,0.0,18.1,0,0.584,6.833,94.3,2.0882,24,666,6.502790045915623,20.2,81.33,19.69,Low,0,0.06162981934285985,Southern tracts,Western tracts,Southern tracts / Western tracts
Boston Roxbury,821,-71.08735901052631,42.30797148421053,16.1,16.1,6.44405,2.0074150555763612,0.0,18.1,0,0.584,6.425,74.8,2.2004,24,666,6.502790045915623,20.2,97.95,12.03,Low,0,0.06023816045822954,Southern tracts,Western tracts,Southern tracts / Western tracts
Boston Roxbury,810,-71.08885901052632,42.30537148421053,14.2,14.2,7.02259,2.0822613123870632,0.0,18.1,0,0.718,6.006,95.3,1.8746,24,666,6.502790045915623,20.2,319.98,15.7,Low,0,0.06323979197527564,Southern tracts,Western tracts,Southern tracts / Western tracts
Boston Savin Hill,913,-71.05805720000001,42.30586300000001,10.8,10.8,12.8023,2.6248352449424797,0.0,18.1,0,0.74,5.854,96.6,1.8956,24,666,6.502790045915623,20.2,240.52,23.79,Low,0,0.054147321640492435,Southern tracts,Eastern tracts,Southern tracts / Eastern tracts
Boston Savin Hill,912,-71.05605720000001,42.30856300000001,15.4,15.4,9.96654,2.394848818884537,0.0,18.1,0,0.74,6.485,100.0,1.9784,24,666,6.502790045915623,20.2,386.73,18.85,Low,0,0.051445639667898446,Southern tracts,Eastern tracts,Southern tracts / Eastern tracts
Boston Savin Hill,914,-71.05455720000002,42.31106300000001,11.8,11.8,10.6718,2.457175676049689,0.0,18.1,0,0.74,6.459,94.8,1.9879,24,666,6.502790045915623,20.2,43.06,23.98,Low,0,0.04899793098528492,Southern tracts,Eastern tracts,Southern tracts / Eastern tracts
Boston Savin Hill,911,-71.05405720000002,42.31366300000001,18.4,14.8,5.66637,1.8970754838957269,0.0,18.1,0,0.74,6.219,100.0,2.0048,24,666,6.502790045915623,20.2,395.69,16.59,Mid-low,0,0.04643035258146019,Southern tracts,Eastern tracts,Southern tracts / Eastern tracts
Boston Savin Hill,915,-71.05305720000001,42.31606300000001,14.9,14.9,6.28807,1.9862387647413884,0.0,18.1,0,0.74,6.341,96.4,2.072,24,666,6.502790045915623,20.2,318.01,17.79,Low,0,0.04411355393571537,Southern tracts,Eastern tracts,Southern tracts / Eastern tracts
Boston Savin Hill,920,-71.05305720000001,42.31816300000001,15.2,15.2,5.44114,1.862705543083853,0.0,18.1,0,0.713,6.655,98.2,2.3552,24,666,6.502790045915623,20.2,355.29,17.73,Low,0,0.042022377857979645,Southern tracts,Eastern tracts,Southern tracts / Eastern tracts
Boston Savin Hill,921,-71.04555720000002,42.31836300000001,16.1,16.1,5.09017,1.8066759959463214,0.0,18.1,0,0.713,6.297,91.8,2.3682,24,666,6.502790045915623,20.2,385.09,17.27,Low,0,0.04318075312958956,Southern tracts,Eastern tracts,Southern tracts / Eastern tracts
Boston Savin Hill,922,-71.04065720000001,42.31686300000001,17.8,17.8,8.24809,2.224417043716578,0.0,18.1,0,0.713,7.393,99.3,2.4527,24,666,6.502790045915623,20.2,375.87,16.74,Mid-low,0,0.04612903511714253,Southern tracts,Eastern tracts,Southern tracts / Eastern tracts
Boston Savin Hill,923,-71.0430572,42.30936300000001,14.9,14.4,9.51363,2.3526725106043593,0.0,18.1,0,0.713,6.728,94.1,2.4961,24,666,6.502790045915623,20.2,6.68,18.71,Low,0,0.05252149503620982,Southern tracts,Eastern tracts,Southern tracts / Eastern tracts
Boston Savin Hill,919,-71.04255720000002,42.31336300000001,13.4,13.4,6.71772,2.0435189836286223,0.0,18.1,0,0.713,6.749,92.6,2.3236,24,666,6.502790045915623,20.2,0.32,17.44,Low,0,0.048822169563002546,Southern tracts,Eastern tracts,Southern tracts / Eastern tracts
Boston Savin Hill,916,-71.04635720000002,42.31356300000001,12.6,12.6,9.92485,2.39104001091028,0.0,18.1,0,0.74,6.251,96.6,2.198,24,666,6.502790045915623,20.2,388.52,16.44,Low,0,0.04764099244179096,Southern tracts,Eastern tracts,Southern tracts / Eastern tracts
Boston Savin Hill,910,-71.04905720000001,42.31636300000001,17.1,17.1,9.72418,2.372501005014648,0.0,18.1,0,0.74,6.406,97.2,2.0651,24,666,6.502790045915623,20.2,385.96,19.52,Mid-low,0,0.04435398337059506,Southern tracts,Eastern tracts,Southern tracts / Eastern tracts
Boston Savin Hill,924,-71.05105720000002,42.31336300000001,14.1,14.1,4.75237,1.749611943801969,0.0,18.1,0,0.713,6.525,86.5,2.4358,24,666,6.502790045915623,20.2,50.92,18.13,Low,0,0.04701411108208767,Southern tracts,Eastern tracts,Southern tracts / Eastern tracts
Boston Savin Hill,908,-71.04755720000001,42.31116300000001,10.5,10.5,22.0511,3.137713490646716,0.0,18.1,0,0.74,5.818,92.4,1.8662,24,666,6.502790045915623,20.2,391.45,22.11,Low,0,0.04974152230118186,Southern tracts,Eastern tracts,Southern tracts / Eastern tracts
Boston Savin Hill,907,-71.04555720000002,42.30836300000001,12.8,12.8,9.39063,2.340904438499074,0.0,18.1,0,0.74,5.627,93.9,1.8172,24,666,6.502790045915623,20.2,396.9,22.88,Low,0,0.05288967234573146,Southern tracts,Eastern tracts,Southern tracts / Eastern tracts
Boston Savin Hill,901,-71.04855720000002,42.30636300000001,14.3,14.3,5.58107,1.8841973460987684,0.0,18.1,0,0.713,6.436,87.9,2.3158,24,666,6.502790045915623,20.2,100.19,16.22,Low,0,0.05429740915401396,Southern tracts,Eastern tracts,Southern tracts / Eastern tracts
Boston Savin Hill,904,-71.05135720000001,42.30886300000001,9.6,9.6,14.4208,2.7357172474638767,0.0,18.1,0,0.74,6.461,93.3,2.0026,24,666,6.502790045915623,20.2,27.49,18.05,Low,0,0.0514473902237894,Southern tracts,Eastern tracts,Southern tracts / Eastern tracts
Boston Savin Hill,906,-71.05455720000002,42.30536300000001,8.4,8.4,13.6781,2.6863565870169546,0.0,18.1,0,0.74,5.935,87.9,1.8206,24,666,6.502790045915623,20.2,68.95,34.02,Low,0,0.054691581078252775,Southern tracts,Eastern tracts,Southern tracts / Eastern tracts
Boston Savin Hill,902,-71.04955720000001,42.30386300000001,11.7,11.7,13.9134,2.7022601376565687,0.0,18.1,0,0.713,6.208,95.0,2.2222,24,666,6.502790045915623,20.2,100.63,15.17,Low,0,0.05662824419703523,Southern tracts,Eastern tracts,Southern tracts / Eastern tracts
Boston Savin Hill,905,-71.04255720000002,42.30336300000001,8.7,8.2,15.1772,2.7836028435028815,0.0,18.1,0,0.74,6.152,100.0,1.9142,24,666,6.502790045915623,20.2,9.32,26.45,Low,0,0.05844950163036588,Southern tracts,Eastern tracts,Southern tracts / Eastern tracts
Boston Savin Hill,917,-71.04855720000002,42.30136300000001,14.1,14.1,9.32909,2.3349641863179325,0.0,18.1,0,0.713,6.185,98.7,2.2616,24,666,6.502790045915623,20.2,396.9,18.13,Low,0,0.05924169680924557,Southern tracts,Eastern tracts,Southern tracts / Eastern tracts
Boston Savin Hill,918,-71.05405720000002,42.30116300000001,13.0,13.0,7.52601,2.143121491225277,0.0,18.1,0,0.713,6.417,98.3,2.185,24,666,6.502790045915623,20.2,304.21,19.31,Low,0,0.058910547789328145,Southern tracts,Eastern tracts,Southern tracts / Eastern tracts
Boston Savin Hill,903,-71.05955720000001,42.30236300000001,13.4,13.4,11.1604,2.498184770733843,0.0,18.1,0,0.74,6.629,94.6,2.1247,24,666,6.502790045915623,20.2,109.85,23.27,Low,0,0.057693700183288746,Southern tracts,Eastern tracts,Southern tracts / Eastern tracts
Boston South Boston,607,-71.03673883846155,42.33768216153846,6.3,6.3,9.91655,2.390279986333144,0.0,18.1,0,0.693,5.852,77.8,1.5004,24,666,6.502790045915623,20.2,338.16,29.97,Low,0,0.030143002180984157,Southern tracts,Eastern tracts,Southern tracts / Eastern tracts
Boston South Boston,612,-71.04003883846154,42.33598216153846,8.3,8.3,24.8017,3.250440381229692,0.0,18.1,0,0.693,5.349,96.0,1.7028,24,666,6.502790045915623,20.2,396.9,19.77,Low,0,0.029403019659523997,Southern tracts,Eastern tracts,Southern tracts / Eastern tracts
Boston South Boston,610,-71.04203883846155,42.336282161538456,12.1,12.1,9.59571,2.360449202216868,0.0,18.1,0,0.693,6.404,100.0,1.639,24,666,6.502790045915623,20.2,376.11,20.31,Low,0,0.028042329002197785,Southern tracts,Eastern tracts,Southern tracts / Eastern tracts
Boston South Boston,609,-71.04603883846154,42.33598216153846,7.2,7.2,14.2362,2.7236741753351374,0.0,18.1,0,0.693,6.343,100.0,1.5741,24,666,6.502790045915623,20.2,396.9,20.32,Low,0,0.02640082624913124,Southern tracts,Eastern tracts,Southern tracts / Eastern tracts
Boston South Boston,608,-71.04503883846155,42.33908216153846,5.6,5.6,25.0461,3.2598680448992714,0.0,18.1,0,0.693,5.987,100.0,1.5888,24,666,6.502790045915623,20.2,396.9,26.77,Low,0,0.024096168808591223,Southern tracts,Eastern tracts,Southern tracts / Eastern tracts
Boston South Boston,606,-71.04303883846154,42.34568216153846,5.0,5.0,38.3518,3.672541717146316,0.0,18.1,0,0.693,5.453,100.0,1.4896,24,666,6.502790045915623,20.2,396.9,30.59,Low,0,0.0199978631286861,Southern tracts,Eastern tracts,Southern tracts / Eastern tracts
Boston South Boston,603,-71.05303883846155,42.33988216153846,13.1,13.1,8.71675,2.273851200420946,0.0,18.1,0,0.693,6.471,98.8,1.7257,24,666,6.502790045915623,20.2,391.98,17.12,Low,0,0.020504102640648728,Southern tracts,Eastern tracts,Southern tracts / Eastern tracts
Boston South Boston,604,-71.05263883846155,42.337782161538456,12.5,12.5,5.87205,1.9274624605576969,0.0,18.1,0,0.693,6.405,96.0,1.6768,24,666,6.502790045915623,20.2,396.9,19.37,Low,0,0.02264182139024439,Southern tracts,Eastern tracts,Southern tracts / Eastern tracts
Boston South Boston,602,-71.05003883846155,42.33818216153846,12.7,12.7,13.3598,2.6644326359464867,0.0,18.1,0,0.693,5.887,94.7,1.7821,24,666,6.502790045915623,20.2,396.9,16.35,Low,0,0.022901437620774037,Southern tracts,Eastern tracts,Southern tracts / Eastern tracts
Boston South Boston,601,-71.05003883846155,42.33548216153846,13.8,13.8,8.64476,2.266414762688843,0.0,18.1,0,0.693,6.193,92.6,1.7912,24,666,6.502790045915623,20.2,396.9,15.17,Low,0,0.0254869019849553,Southern tracts,Eastern tracts,Southern tracts / Eastern tracts
Boston South Boston,613,-71.05323883846154,42.33468216153846,8.5,8.5,41.5292,3.7501908988370403,0.0,18.1,0,0.693,5.531,85.4,1.6074,24,666,6.502790045915623,20.2,329.46,27.38,Low,0,0.025595688708902296,Southern tracts,Eastern tracts,Southern tracts / Eastern tracts
Boston South Boston,614,-71.05453883846154,42.33678216153846,5.0,5.0,67.9208,4.232958019253417,0.0,18.1,0,0.693,5.683,100.0,1.4254,24,666,6.502790045915623,20.2,384.97,22.98,Low,0,0.02334791937078371,Southern tracts,Eastern tracts,Southern tracts / Eastern tracts
Boston South Boston,605,-71.05203883846154,42.34238216153846,8.5,8.5,7.67202,2.160101750967694,0.0,18.1,0,0.693,5.747,98.9,1.6334,24,666,6.502790045915623,20.2,393.1,19.92,Low,0,0.018303042257166155,Southern tracts,Eastern tracts,Southern tracts / Eastern tracts
Boston West Roxbury,1303,-71.1676506,42.2851804,25.0,25.0,5.73116,1.9067474913596385,0.0,18.1,0,0.532,7.061,77.0,3.4106,24,666,6.502790045915623,20.2,395.28,7.01,Mid-high,1,0.1335721820759083,Southern tracts,Western tracts,Southern tracts / Western tracts
Boston West Roxbury,1302,-71.1618506,42.2841804,23.7,23.7,5.70818,1.9033276772324317,0.0,18.1,0,0.532,6.75,74.9,3.3317,24,666,6.502790045915623,20.2,393.07,7.74,Mid-high,0,0.12939188562084827,Southern tracts,Western tracts,Southern tracts / Western tracts
Boston West Roxbury,1301,-71.1568506,42.2776804,23.0,23.0,5.82401,1.9204472756044826,0.0,18.1,0,0.532,6.242,64.7,3.4242,24,666,6.502790045915623,20.2,396.9,10.74,Mid-high,0,0.1294088824792138,Southern tracts,Western tracts,Southern tracts / Western tracts
Boston West Roxbury,1304,-71.16435059999999,42.2719804,21.8,21.8,2.81838,1.3398262488998969,0.0,18.1,0,0.532,5.762,40.3,4.0983,24,666,6.502790045915623,20.2,392.92,10.42,Mid-high,0,0.13882219312674113,Southern tracts,Western tracts,Southern tracts / Western tracts
Braintree,4197,-71.01520129999999,42.210739200000006,23.0,23.0,0.30347,0.2650299391668473,0.0,7.38,0,0.493,6.312,28.9,5.4159,5,287,5.662960480135946,19.6,396.9,6.15,Mid-high,0,0.15500296041795228,Southern tracts,Eastern tracts,Southern tracts / Eastern tracts
Braintree,4198,-71.00420129999999,42.21573920000001,22.2,22.2,0.24103,0.21594167998346536,0.0,7.38,0,0.493,6.083,43.7,5.4159,5,287,5.662960480135946,19.6,396.9,12.79,Mid-high,0,0.153619273329646,Southern tracts,Eastern tracts,Southern tracts / Eastern tracts
Braintree,4192,-70.99670129999998,42.218439200000006,23.1,23.1,0.18159,0.1668609890983406,0.0,7.38,0,0.493,6.376,54.3,4.5404,5,287,5.662960480135946,19.6,396.9,6.87,Mid-high,0,0.15386810364182166,Southern tracts,Eastern tracts,Southern tracts / Eastern tracts
Braintree,4191,-70.99010129999999,42.21923920000001,23.8,23.8,0.1676,0.15495035999782264,0.0,7.38,0,0.493,6.426,52.3,4.5404,5,287,5.662960480135946,19.6,396.9,7.2,Mid-high,0,0.1558494109014469,Southern tracts,Eastern tracts,Southern tracts / Eastern tracts
Braintree,4194,-70.9962013,42.20823920000001,18.5,18.5,0.28392,0.2499178980307637,0.0,7.38,0,0.493,5.708,74.3,4.7211,5,287,5.662960480135946,19.6,391.13,11.74,Mid-low,0,0.16348645918952454,Southern tracts,Eastern tracts,Southern tracts / Eastern tracts
Braintree,4195,-71.00670129999999,42.18833920000001,25.0,25.0,0.34109,0.29348271614145116,0.0,7.38,0,0.493,6.415,40.1,4.7211,5,287,5.662960480135946,19.6,396.9,6.12,Mid-high,1,0.1788781414212709,Southern tracts,Eastern tracts,Southern tracts / Eastern tracts
Braintree,4193,-71.00620129999999,42.19923920000001,20.4,20.4,0.35114,0.3009486805521662,0.0,7.38,0,0.493,6.041,49.9,4.7211,5,287,5.662960480135946,19.6,396.9,7.7,Mid-low,0,0.16859579691774293,Southern tracts,Eastern tracts,Southern tracts / Eastern tracts
Braintree,4196,-71.0167013,42.203239200000006,24.6,24.6,0.19186,0.17551511208097656,0.0,7.38,0,0.493,6.431,14.7,5.4159,5,287,5.662960480135946,19.6,393.68,5.08,Mid-high,0,0.16185775742400685,Southern tracts,Eastern tracts,Southern tracts / Eastern tracts
Brookline,4003,-71.11193016666665,42.33689753333332,30.1,30.1,0.65665,0.5047974910276488,20.0,3.97,0,0.647,6.842,100.0,2.0107,5,264,5.579729825986222,13.0,391.93,6.9,High,1,0.0595906634978251,Southern tracts,Western tracts,Southern tracts / Western tracts
Brookline,4012,-71.11673016666666,42.33729753333333,43.5,43.5,0.5405,0.43210703905458553,20.0,3.97,0,0.575,7.47,52.6,2.872,5,264,5.579729825986222,13.0,390.3,3.16,High,1,0.06389909860692568,Southern tracts,Western tracts,Southern tracts / Western tracts
Brookline,4011,-71.12053016666665,42.33709753333333,50.0,50.0,0.57834,0.4563736618258477,20.0,3.97,0,0.575,8.297,67.0,2.4216,5,264,5.579729825986222,13.0,384.54,7.44,High,1,0.06753225196978556,Southern tracts,Western tracts,Southern tracts / Western tracts
Brookline,4010,-71.12403016666666,42.333597533333325,30.7,30.7,0.7857,0.579810495220942,20.0,3.97,0,0.647,7.014,84.6,2.1329,5,264,5.579729825986222,13.0,384.07,14.79,High,1,0.07204258108538547,Southern tracts,Western tracts,Southern tracts / Western tracts
Brookline,4008,-71.12303016666665,42.33159753333332,36.5,36.5,0.55007,0.4383000912017374,20.0,3.97,0,0.647,7.206,91.6,1.9301,5,264,5.579729825986222,13.0,387.89,8.1,High,1,0.07187964261720586,Southern tracts,Western tracts,Southern tracts / Western tracts
Brookline,4007,-71.12753016666666,42.32959753333333,31.0,31.0,0.82526,0.6017224426405978,20.0,3.97,0,0.647,7.327,94.5,2.0788,5,264,5.579729825986222,13.0,393.42,11.25,High,1,0.07680373942357582,Southern tracts,Western tracts,Southern tracts / Western tracts
Brookline,4006,-71.11903016666666,42.327597533333325,48.8,48.8,0.52014,0.4188024358799136,20.0,3.97,0,0.647,8.398,91.5,2.2885,5,264,5.579729825986222,13.0,386.86,5.91,High,1,0.0699832938834581,Southern tracts,Western tracts,Southern tracts / Western tracts
Brookline,4005,-71.11503016666666,42.33259753333333,43.1,43.1,0.53412,0.42795692674339125,20.0,3.97,0,0.647,7.52,89.4,2.1398,5,264,5.579729825986222,13.0,388.37,7.26,High,1,0.06417472573200246,Southern tracts,Western tracts,Southern tracts / Western tracts
Brookline,4004,-71.11403016666665,42.32959753333333,33.8,33.8,0.54011,0.4318538424460674,20.0,3.97,0,0.647,7.203,81.8,2.1121,5,264,5.579729825986222,13.0,392.8,9.59,High,1,0.06462777954907567,Southern tracts,Western tracts,Southern tracts / Western tracts
Brookline,4002,-71.11653016666666,42.326097533333325,36.0,36.0,0.66351,0.508929827880027,20.0,3.97,0,0.647,7.333,100.0,1.8946,5,264,5.579729825986222,13.0,383.29,7.79,High,1,0.06850706525202686,Southern tracts,Western tracts,Southern tracts / Western tracts
Brookline,4001,-71.12903016666665,42.32209753333333,50.0,50.0,0.61154,0.47719024356009226,20.0,3.97,0,0.647,8.704,86.9,1.801,5,264,5.579729825986222,13.0,389.7,5.12,High,1,0.08139374600940537,Southern tracts,Western tracts,Southern tracts / Western tracts
Brookline,4009,-71.13653016666666,42.33709753333333,22.8,22.8,0.76162,0.5662338402369981,20.0,3.97,0,0.647,5.56,62.8,1.9865,5,264,5.579729825986222,13.0,392.4,10.45,Mid-high,0,0.08276213137325744,Southern tracts,Western tracts,Southern tracts / Western tracts
Cambridge,3521,-71.08990683333332,42.37107913333333,13.4,13.4,3.32105,1.4634984282783583,0.0,19.58,1,0.871,5.403,100.0,1.3216,5,403,6.0014148779611505,14.7,396.9,26.82,Low,0,0.03472185011551464,Northern tracts,Western tracts,Northern tracts / Western tracts
Cambridge,3543,-71.09380683333332,42.37187913333333,22.7,22.7,2.24236,1.176301459715032,0.0,19.58,0,0.605,5.854,91.8,2.422,5,403,6.0014148779611505,14.7,395.11,11.64,Mid-high,0,0.0386763078483135,Northern tracts,Western tracts,Northern tracts / Western tracts
Cambridge,3545,-71.09290683333332,42.36937913333333,50.0,50.0,2.01019,1.1020031996922046,0.0,19.58,0,0.605,7.929,96.2,2.0459,5,403,6.0014148779611505,14.7,369.3,3.7,High,1,0.03711157261705348,Northern tracts,Western tracts,Northern tracts / Western tracts
Cambridge,3544,-71.09590683333332,42.36787913333333,25.0,25.0,2.924,1.3671115417031166,0.0,19.58,0,0.605,6.101,93.0,2.2834,5,403,6.0014148779611505,14.7,240.16,9.81,Mid-high,1,0.03969662985834853,Northern tracts,Western tracts,Northern tracts / Western tracts
Cambridge,3548,-71.10090683333331,42.36987913333333,22.3,22.3,2.44953,1.2382379898788045,0.0,19.58,0,0.605,6.402,95.2,2.2625,5,403,6.0014148779611505,14.7,330.04,11.32,Mid-high,0,0.045004525203324944,Northern tracts,Western tracts,Northern tracts / Western tracts
Cambridge,3546,-71.09740683333331,42.37107913333333,23.8,23.8,1.80028,1.0297194121814917,0.0,19.58,0,0.605,5.877,79.2,2.4259,5,403,6.0014148779611505,14.7,227.61,12.14,Mid-high,0,0.04189820253236913,Northern tracts,Western tracts,Northern tracts / Western tracts
Cambridge,3547,-71.09860683333332,42.37287913333333,23.8,23.8,2.3004,1.194043673248051,0.0,19.58,0,0.605,6.319,96.1,2.1,5,403,6.0014148779611505,14.7,297.09,11.1,Mid-high,0,0.04355457100516774,Northern tracts,Western tracts,Northern tracts / Western tracts
Cambridge,3539,-71.09990683333332,42.37187913333333,27.0,27.0,1.27346,0.8213029001101178,0.0,19.58,1,0.605,6.25,92.6,1.7984,5,403,6.0014148779611505,14.7,338.92,5.5,High,1,0.04452089571700316,Northern tracts,Western tracts,Northern tracts / Western tracts
Cambridge,3540,-71.10390683333331,42.37247913333333,50.0,50.0,1.46336,0.9015262716731895,0.0,19.58,0,0.605,7.489,90.8,1.9709,5,403,6.0014148779611505,14.7,374.43,1.73,High,1,0.04853843613168755,Northern tracts,Western tracts,Northern tracts / Western tracts
Cambridge,3527,-71.10410683333332,42.36937913333333,17.8,17.8,2.33099,1.2032695571055652,0.0,19.58,0,0.871,5.186,93.8,1.5296,5,403,6.0014148779611505,14.7,356.99,28.32,Mid-low,0,0.04803146769334962,Northern tracts,Western tracts,Northern tracts / Western tracts
Cambridge,3542,-71.10090683333331,42.36587913333333,50.0,50.0,1.51902,0.9238699369975489,0.0,19.58,1,0.605,8.375,93.9,2.162,5,403,6.0014148779611505,14.7,388.45,3.32,High,1,0.04429869323253352,Northern tracts,Western tracts,Northern tracts / Western tracts
Cambridge,3538,-71.10640683333331,42.36387913333333,23.3,23.3,1.42502,0.8858397717781171,0.0,19.58,0,0.871,6.51,100.0,1.7659,5,403,6.0014148779611505,14.7,364.31,7.39,Mid-high,0,0.04955888270979243,Northern tracts,Western tracts,Northern tracts / Western tracts
Cambridge,3528,-71.10810683333331,42.36507913333333,15.4,15.4,2.73397,1.317472010807663,0.0,19.58,0,0.871,5.597,94.9,1.5257,5,403,6.0014148779611505,14.7,351.85,21.45,Low,0,0.05135860209133616,Northern tracts,Western tracts,Northern tracts / Western tracts
Cambridge,3550,-71.10990683333331,42.36387913333333,19.1,19.1,2.3139,1.1981257435340087,0.0,19.58,0,0.605,5.88,97.3,2.3887,5,403,6.0014148779611505,14.7,348.13,12.03,Mid-low,0,0.05304885190818347,Northern tracts,Western tracts,Northern tracts / Western tracts
Cambridge,3522,-71.10860683333331,42.36887913333333,15.6,15.6,4.0974,1.6287306058145095,0.0,19.58,0,0.871,5.468,100.0,1.4118,5,403,6.0014148779611505,14.7,396.9,26.42,Low,0,0.052365105322562326,Northern tracts,Western tracts,Northern tracts / Western tracts
Cambridge,3537,-71.11090683333332,42.37737913333333,24.3,24.3,1.34284,0.8513638686748988,0.0,19.58,0,0.605,6.066,100.0,1.7573,5,403,6.0014148779611505,14.7,353.89,6.43,Mid-high,0,0.0566390409121075,Northern tracts,Western tracts,Northern tracts / Western tracts
Cambridge,3524,-71.10890683333331,42.37337913333333,13.8,13.8,2.37934,1.2176804241557975,0.0,19.58,0,0.871,6.13,100.0,1.4191,5,403,6.0014148779611505,14.7,172.91,27.8,Low,0,0.05360336328480302,Northern tracts,Western tracts,Northern tracts / Western tracts
Cambridge,3541,-71.10690683333331,42.37117913333333,50.0,50.0,1.83377,1.0416079806003153,0.0,19.58,1,0.605,7.802,98.2,2.0407,5,403,6.0014148779611505,14.7,389.61,1.92,High,1,0.05114357276768131,Northern tracts,Western tracts,Northern tracts / Western tracts
Cambridge,3549,-71.11190683333331,42.37027913333333,17.4,17.4,1.20742,0.7918244127486899,0.0,19.58,0,0.605,5.875,94.6,2.4259,5,403,6.0014148779611505,14.7,292.29,14.43,Mid-low,0,0.05586072796496383,Northern tracts,Western tracts,Northern tracts / Western tracts
Cambridge,3536,-71.11540683333331,42.37707913333333,41.3,41.3,1.22358,0.7991185096332698,0.0,19.58,0,0.605,6.943,97.4,1.8773,5,403,6.0014148779611505,14.7,363.43,4.59,High,1,0.060852731865073714,Northern tracts,Western tracts,Northern tracts / Western tracts
Cambridge,3535,-71.11890683333331,42.37387913333333,13.1,13.1,2.44668,1.2374114488766446,0.0,19.58,0,0.871,5.272,94.0,1.7364,5,403,6.0014148779611505,14.7,88.63,16.14,Low,0,0.06344356827482754,Northern tracts,Western tracts,Northern tracts / Western tracts
Cambridge,3534,-71.12340683333332,42.37387913333333,15.6,15.6,3.53501,1.5118272886363335,0.0,19.58,1,0.871,6.152,82.6,1.7455,5,403,6.0014148779611505,14.7,88.01,15.02,Low,0,0.067841711766755,Northern tracts,Western tracts,Northern tracts / Western tracts
Cambridge,3533,-71.13370683333332,42.37537913333333,17.0,17.0,1.41385,0.8812229832136547,0.0,19.58,1,0.871,6.129,96.0,1.7494,5,403,6.0014148779611505,14.7,321.02,15.12,Low,0,0.07823334341641,Northern tracts,Western tracts,Northern tracts / Western tracts
Cambridge,3523,-71.12390683333331,42.37837913333333,11.8,11.8,2.77974,1.3296552241970494,0.0,19.58,0,0.871,4.903,97.8,1.3459,5,403,6.0014148779611505,14.7,396.9,29.29,Low,0,0.0693852786171188,Northern tracts,Western tracts,Northern tracts / Western tracts
Cambridge,3531,-71.11890683333331,42.37937913333333,15.3,15.3,1.12658,0.754515055507092,0.0,19.58,1,0.871,5.012,88.0,1.6102,5,403,6.0014148779611505,14.7,343.28,12.12,Low,0,0.06486915154454607,Northern tracts,Western tracts,Northern tracts / Western tracts
Cambridge,3530,-71.12850683333332,42.38337913333333,19.6,19.6,1.49632,0.9148176474178114,0.0,19.58,0,0.871,5.404,100.0,1.5916,5,403,6.0014148779611505,14.7,341.6,13.28,Mid-low,0,0.07523171597654975,Northern tracts,Western tracts,Northern tracts / Western tracts
Cambridge,3529,-71.11590683333331,42.38197913333333,21.5,21.5,1.6566,0.977047109716266,0.0,19.58,0,0.871,6.122,97.3,1.618,5,403,6.0014148779611505,14.7,372.8,14.1,Mid-high,0,0.06287366153997057,Northern tracts,Western tracts,Northern tracts / Western tracts
Cambridge,3526,-71.11940683333331,42.38397913333333,14.6,14.6,2.36862,1.2145031649491107,0.0,19.58,0,0.871,4.926,95.7,1.4608,5,403,6.0014148779611505,14.7,391.71,29.53,Low,0,0.06685515449170215,Northern tracts,Western tracts,Northern tracts / Western tracts
Cambridge,3525,-71.12290683333332,42.38567913333333,15.6,15.6,2.15505,1.1490043437281394,0.0,19.58,0,0.871,5.628,100.0,1.5166,5,403,6.0014148779611505,14.7,169.27,16.65,Low,0,0.07073279698114969,Northern tracts,Western tracts,Northern tracts / Western tracts
Cambridge,3532,-71.12110683333331,42.38787913333333,19.4,19.4,2.14918,1.1471421014887528,0.0,19.58,0,0.871,5.709,98.5,1.6232,5,403,6.0014148779611505,14.7,261.95,15.79,Mid-low,0,0.0699065959365968,Northern tracts,Western tracts,Northern tracts / Western tracts
Chelsea,1602,-71.0293484,42.3886438,7.0,7.0,0.18337,0.16836630025465413,0.0,27.74,0,0.609,5.414,98.3,1.7554,4,711,6.568077911411976,20.1,344.05,23.97,Low,0,0.03981304134325568,Northern tracts,Eastern tracts,Northern tracts / Eastern tracts
Chelsea,1606,-71.0332484,42.3877438,20.1,20.1,0.11132,0.10554849798804088,0.0,27.74,0,0.609,5.983,83.5,2.1099,4,711,6.568077911411976,20.1,396.9,13.35,Mid-low,0,0.03652200625650294,Northern tracts,Eastern tracts,Northern tracts / Eastern tracts
Chelsea,1601,-71.0349484,42.3910438,15.2,15.2,0.15086,0.14050948897951462,0.0,27.74,0,0.609,5.454,92.7,1.8209,4,711,6.568077911411976,20.1,395.09,18.06,Low,0,0.038078741851587376,Northern tracts,Eastern tracts,Northern tracts / Eastern tracts
Chelsea,1604,-71.0264484,42.3924438,8.1,8.1,0.20746,0.18851897970190706,0.0,27.74,0,0.609,5.093,98.0,1.8226,4,711,6.568077911411976,20.1,318.43,29.68,Low,0,0.04456456463379746,Northern tracts,Eastern tracts,Northern tracts / Eastern tracts
Chelsea,1605,-71.0401484,42.3989438,13.6,13.6,0.10574,0.10051479408986368,0.0,27.74,0,0.609,5.983,98.8,1.8681,4,711,6.568077911411976,20.1,390.11,18.07,Low,0,0.04243342999334042,Northern tracts,Eastern tracts,Northern tracts / Eastern tracts
Cohasset,4231,-70.8036544,42.24176749999999,32.7,32.7,0.01301,0.012926096886133677,35.0,1.52,0,0.442,7.241,49.3,7.0379,1,284,5.652489180268651,15.5,394.74,5.49,High,1,0.2795763171222025,Southern tracts,Eastern tracts,Southern tracts / Eastern tracts
Concord,3611,-71.34161506666668,42.45420523333333,33.3,33.3,0.04011,0.039326476790879826,80.0,1.52,0,0.404,7.287,34.1,7.309,2,329,5.799092654460526,12.6,396.9,4.08,High,1,0.29980053729281975,Northern tracts,Western tracts,Northern tracts / Western tracts
Concord,3612,-71.36161506666667,42.45520523333333,30.3,30.3,0.04666,0.04560414180501583,80.0,1.52,0,0.404,7.107,36.6,7.309,2,329,5.799092654460526,12.6,354.31,8.61,High,1,0.3191463227022899,Northern tracts,Western tracts,Northern tracts / Western tracts
Concord,3613,-71.34361506666667,42.47170523333333,34.6,34.6,0.03768,0.03698745205028059,80.0,1.52,0,0.404,7.274,38.3,7.309,2,329,5.799092654460526,12.6,392.2,6.62,High,1,0.30761380917376535,Northern tracts,Western tracts,Northern tracts / Western tracts
Danvers,2114,-70.920622,42.5688259,23.4,23.4,0.04981,0.04860919541462225,21.0,5.64,0,0.439,5.998,21.4,6.8147,4,243,5.497168225293202,16.8,396.9,8.43,Mid-high,0,0.24941374339601338,Northern tracts,Eastern tracts,Northern tracts / Eastern tracts
Danvers,2112,-70.932622,42.5730259,20.5,20.5,0.04337,0.042455859036392395,21.0,5.64,0,0.439,6.115,63.0,6.8147,4,243,5.497168225293202,16.8,393.97,9.43,Mid-low,0,0.24667776745140813,Northern tracts,Eastern tracts,Northern tracts / Eastern tracts
Danvers,2113,-70.927622,42.5808259,25.0,25.0,0.0536,0.052212871446934234,21.0,5.64,0,0.439,6.511,21.1,6.8147,4,243,5.497168225293202,16.8,396.9,5.28,Mid-high,1,0.2559350405763369,Northern tracts,Eastern tracts,Northern tracts / Eastern tracts
Danvers,2111,-70.947622,42.5773259,19.7,19.7,0.08873,0.0850118793258392,21.0,5.64,0,0.439,5.963,45.7,6.8147,4,243,5.497168225293202,16.8,395.56,13.45,Mid-low,0,0.24329836352678352,Northern tracts,Eastern tracts,Northern tracts / Eastern tracts
Dedham,4021,-71.16681359999998,42.2524085,20.7,20.7,0.09065,0.08677384878203848,20.0,6.96,1,0.464,5.92,61.5,3.9175,3,223,5.4116460518550396,18.6,391.34,13.65,Mid-low,0,0.1537366502080927,Southern tracts,Western tracts,Southern tracts / Western tracts
Dedham,4022,-71.15581359999999,42.2394085,21.1,21.1,0.29916,0.26171790177397086,20.0,6.96,0,0.464,5.856,42.1,4.429,3,223,5.4116460518550396,18.6,388.65,13.0,Mid-low,0,0.15590521933920692,Southern tracts,Western tracts,Southern tracts / Western tracts
Dedham,4024,-71.16281359999998,42.2339085,24.4,24.4,0.1146,0.10849559615329893,20.0,6.96,0,0.464,6.538,58.7,3.9175,3,223,5.4116460518550396,18.6,394.96,7.73,Mid-high,0,0.16460736410381302,Southern tracts,Western tracts,Southern tracts / Western tracts
Dedham,4025,-71.16701359999999,42.2429085,35.2,35.2,0.22188,0.2003906562548323,20.0,6.96,1,0.464,7.691,51.8,4.3665,3,223,5.4116460518550396,18.6,390.77,6.58,High,1,0.16066552697205305,Southern tracts,Western tracts,Southern tracts / Western tracts
Dedham,4023,-71.18581359999999,42.2494085,25.2,25.2,0.16211,0.1502373183211034,20.0,6.96,0,0.464,6.24,16.3,4.429,3,223,5.4116460518550396,18.6,396.9,6.59,High,1,0.16977462536317423,Southern tracts,Western tracts,Southern tracts / Western tracts
Duxbury,5071,-70.6722767,42.0417525,30.1,30.1,0.01709,0.016945608726141724,90.0,2.02,0,0.41,6.728,36.1,12.1265,5,187,5.236441962829949,17.0,384.46,4.5,High,1,0.49929298895452395,Southern tracts,Eastern tracts,Southern tracts / Eastern tracts
Framingham,3832,-71.40533649999999,42.264416,18.5,18.5,0.19133,0.17507033007976175,22.0,5.86,0,0.431,5.605,70.2,7.9549,7,330,5.802118375377063,19.1,389.13,18.46,Mid-low,0,0.3612127050482056,Southern tracts,Western tracts,Southern tracts / Western tracts
Framingham,3839,-71.41933649999999,42.263216,29.6,29.6,0.08221,0.07900524661995387,22.0,5.86,0,0.431,6.957,6.8,8.9067,7,330,5.802118375377063,19.1,386.09,3.53,High,1,0.3750398404013073,Southern tracts,Western tracts,Southern tracts / Western tracts
Framingham,3833,-71.4238365,42.270416,24.3,24.3,0.33983,0.2925427402430482,22.0,5.86,0,0.431,6.108,34.9,8.0555,7,330,5.802118375377063,19.1,390.18,9.16,Mid-high,0,0.3776166187924516,Southern tracts,Western tracts,Southern tracts / Western tracts
Framingham,3840,-71.40883649999999,42.271716,42.8,42.8,0.36894,0.31403671773445885,22.0,5.86,0,0.431,8.259,8.4,8.9067,7,330,5.802118375377063,19.1,396.9,3.54,High,1,0.3627436937952795,Southern tracts,Western tracts,Southern tracts / Western tracts
Framingham,3831,-71.41683649999999,42.278116,17.6,17.6,0.20608,0.18737543109663357,22.0,5.86,0,0.431,5.593,76.5,7.9549,7,330,5.802118375377063,19.1,372.49,12.5,Mid-low,0,0.3690356299711997,Southern tracts,Western tracts,Southern tracts / Western tracts
Framingham,3836,-71.4093365,42.283916,26.2,26.2,0.19073,0.17456656442088753,22.0,5.86,0,0.431,6.718,17.5,7.8265,7,330,5.802118375377063,19.1,393.74,6.56,High,1,0.3604577427220077,Southern tracts,Western tracts,Southern tracts / Western tracts
Framingham,3837,-71.39983649999999,42.292416,24.4,24.4,0.1403,0.1312913856811757,22.0,5.86,0,0.431,6.487,13.0,7.3967,7,330,5.802118375377063,19.1,396.28,5.9,Mid-high,0,0.34943448998094434,Southern tracts,Western tracts,Southern tracts / Western tracts
Framingham,3838,-71.40533649999999,42.299616,24.8,24.8,0.21409,0.19399482498004605,22.0,5.86,0,0.431,6.438,8.9,7.3967,7,330,5.802118375377063,19.1,377.07,3.59,Mid-high,0,0.3535315328061154,Southern tracts,Western tracts,Southern tracts / Western tracts
Framingham,3835,-71.4303365,42.294916,24.5,24.5,0.16439,0.1521973447384029,22.0,5.86,0,0.431,6.433,49.1,7.8265,7,330,5.802118375377063,19.1,374.71,9.52,Mid-high,0,0.3789671084517032,Southern tracts,Western tracts,Southern tracts / Western tracts
Framingham,3834,-71.44253649999999,42.274116,20.5,20.5,0.19657,0.1794591306249127,22.0,5.86,0,0.431,6.226,79.2,8.0555,7,330,5.802118375377063,19.1,376.14,10.15,Mid-low,0,0.3949866507721995,Southern tracts,Western tracts,Southern tracts / Western tracts
Hingham,5011,-70.89200899999999,42.2540672,23.9,23.9,0.02543,0.025112036814854837,55.0,3.78,0,0.484,6.696,56.4,5.7321,5,370,5.916202062607435,17.6,396.9,7.18,Mid-high,0,0.19607087544264304,Southern tracts,Eastern tracts,Southern tracts / Eastern tracts
Hingham,5012,-70.887509,42.2295672,31.2,31.2,0.03049,0.03003441727412102,55.0,3.78,0,0.484,6.874,28.1,6.4654,5,370,5.916202062607435,17.6,387.97,4.61,High,1,0.21386891872556654,Southern tracts,Eastern tracts,Southern tracts / Eastern tracts
Hull,5001,-70.9078346,42.3020647,16.5,16.5,0.02498,0.024673100204884193,0.0,1.89,0,0.518,6.54,59.7,6.2669,1,422,6.0473721790462776,15.9,389.96,8.65,Low,0,0.1600212971552536,Southern tracts,Eastern tracts,Southern tracts / Eastern tracts
Lynn,2065,-70.94148470909093,42.47668572727274,14.8,14.8,0.95577,0.6707839777866772,0.0,8.14,0,0.538,6.047,88.8,4.4534,4,307,5.730099782973574,21.0,306.38,17.28,Low,0,0.1641930004079823,Northern tracts,Eastern tracts,Northern tracts / Eastern tracts
Lynn,2071,-70.94898470909092,42.471685727272735,13.1,13.1,1.15172,0.7662675223101358,0.0,8.14,0,0.538,5.701,95.0,3.7872,4,307,5.730099782973574,21.0,358.77,18.35,Low,0,0.1553737582303173,Northern tracts,Eastern tracts,Northern tracts / Eastern tracts
Lynn,2072,-70.95348470909093,42.47868572727273,13.5,13.5,1.61282,0.9604300978281596,0.0,8.14,0,0.538,6.096,96.9,3.7598,4,307,5.730099782973574,21.0,248.31,20.34,Low,0,0.15748560985133742,Northern tracts,Eastern tracts,Northern tracts / Eastern tracts
Lynn,2067,-70.96398470909092,42.48318572727273,21.0,21.0,1.00245,0.6943714308596382,0.0,8.14,0,0.538,6.674,87.3,4.239,4,307,5.730099782973574,21.0,380.23,11.98,Mid-low,0,0.15435856875020912,Northern tracts,Eastern tracts,Northern tracts / Eastern tracts
Lynn,2069,-70.95498470909092,42.46968572727273,14.5,14.5,1.35472,0.8564218244336657,0.0,8.14,0,0.538,6.072,100.0,4.175,4,307,5.730099782973574,21.0,376.73,13.04,Low,0,0.14979345228217622,Northern tracts,Eastern tracts,Northern tracts / Eastern tracts
Lynn,2068,-70.96948470909093,42.467185727272735,12.7,12.7,1.13081,0.7565021891227188,0.0,8.14,0,0.538,5.713,94.1,4.233,4,307,5.730099782973574,21.0,360.17,22.6,Low,0,0.13837523721346948,Northern tracts,Eastern tracts,Northern tracts / Eastern tracts
Lynn,2063,-70.96498470909093,42.462285727272736,13.9,13.9,0.84054,0.6100590068254429,0.0,8.14,0,0.538,5.599,85.7,4.4546,4,307,5.730099782973574,21.0,303.42,16.51,Low,0,0.13758337023344877,Northern tracts,Eastern tracts,Northern tracts / Eastern tracts
Lynn,2066,-70.96048470909093,42.46168572727274,18.4,18.4,0.77299,0.5726673869182406,0.0,8.14,0,0.538,6.495,94.4,4.4547,4,307,5.730099782973574,21.0,387.94,12.8,Mid-low,0,0.14019696327042028,Northern tracts,Eastern tracts,Northern tracts / Eastern tracts
Lynn,2056,-70.95898470909093,42.465685727272735,20.2,20.2,0.80271,0.5892910882451726,0.0,8.14,0,0.538,5.456,36.6,3.7965,4,307,5.730099782973574,21.0,288.99,11.69,Mid-low,0,0.1441404530350783,Northern tracts,Eastern tracts,Northern tracts / Eastern tracts
Lynn,2051,-70.95448470909093,42.46368572727274,20.4,20.4,0.62976,0.48843276471410274,0.0,8.14,0,0.538,5.949,61.8,4.7075,4,307,5.730099782973574,21.0,396.9,8.26,Mid-low,0,0.1458084870995097,Northern tracts,Eastern tracts,Northern tracts / Eastern tracts
Lynn,2070,-70.94998470909093,42.46368572727274,13.2,13.2,1.38799,0.8704520079168975,0.0,8.14,0,0.538,5.95,82.0,3.99,4,307,5.730099782973574,21.0,232.6,27.71,Low,0,0.1490067197425373,Northern tracts,Eastern tracts,Northern tracts / Eastern tracts
Lynn,2053,-70.94628470909093,42.466285727272734,19.9,19.9,0.62739,0.4869775044907406,0.0,8.14,0,0.538,5.834,56.5,4.4986,4,307,5.730099782973574,21.0,395.62,8.47,Mid-low,0,0.15347485612625297,Northern tracts,Eastern tracts,Northern tracts / Eastern tracts
Lynn,2052,-70.94098470909093,42.468685727272735,18.2,18.2,0.63796,0.493451565108284,0.0,8.14,0,0.538,6.096,84.5,4.4619,4,307,5.730099782973574,21.0,380.02,10.26,Mid-low,0,0.15897212031523297,Northern tracts,Eastern tracts,Northern tracts / Eastern tracts
Lynn,2058,-70.93668470909093,42.471685727272735,13.6,13.6,1.25179,0.8117254554853013,0.0,8.14,0,0.538,5.57,98.1,3.7979,4,307,5.730099782973574,21.0,376.57,21.02,Low,0,0.16416294010213006,Northern tracts,Eastern tracts,Northern tracts / Eastern tracts
Lynn,2060,-70.93668470909093,42.467185727272735,15.2,15.2,1.23247,0.8031085958282843,0.0,8.14,0,0.538,6.142,91.7,3.9769,4,307,5.730099782973574,21.0,396.9,18.72,Low,0,0.16113518969337792,Northern tracts,Eastern tracts,Northern tracts / Eastern tracts
Lynn,2059,-70.93398470909092,42.46468572727274,19.6,19.6,0.85204,0.6162877342628865,0.0,8.14,0,0.538,5.965,89.2,4.0123,4,307,5.730099782973574,21.0,392.53,13.83,Mid-low,0,0.16152975977220968,Northern tracts,Eastern tracts,Northern tracts / Eastern tracts
Lynn,2061,-70.92798470909092,42.462685727272735,14.5,14.5,0.98843,0.687345382632109,0.0,8.14,0,0.538,5.813,100.0,4.0952,4,307,5.730099782973574,21.0,394.54,19.88,Low,0,0.16489179444073418,Northern tracts,Eastern tracts,Northern tracts / Eastern tracts
Lynn,2057,-70.94398470909093,42.46368572727274,18.2,18.2,0.7258,0.5456907110920701,0.0,8.14,0,0.538,5.727,69.5,3.7965,4,307,5.730099782973574,21.0,390.95,11.28,Mid-low,0,0.1533727029798328,Northern tracts,Eastern tracts,Northern tracts / Eastern tracts
Lynn,2062,-70.94098470909093,42.461185727272735,15.6,15.6,0.75026,0.5597643483283525,0.0,8.14,0,0.538,5.924,94.1,4.3996,4,307,5.730099782973574,21.0,394.33,16.3,Low,0,0.15394186931575765,Northern tracts,Eastern tracts,Northern tracts / Eastern tracts
Lynn,2055,-70.94898470909092,42.461185727272735,17.5,17.5,0.7842,0.5789701354975461,0.0,8.14,0,0.538,5.99,81.7,4.2579,4,307,5.730099782973574,21.0,386.75,14.67,Mid-low,0,0.14800626498187688,Northern tracts,Eastern tracts,Northern tracts / Eastern tracts
Lynn,2054,-70.95648470909093,42.46068572727274,23.1,23.1,1.05393,0.719755031081429,0.0,8.14,0,0.538,5.935,29.3,4.4986,4,307,5.730099782973574,21.0,386.85,6.58,Mid-high,0,0.1422706553825352,Northern tracts,Eastern tracts,Northern tracts / Eastern tracts
Lynn,2064,-70.95448470909093,42.456685727272735,16.6,16.6,0.67191,0.5139666854625483,0.0,8.14,0,0.538,5.813,90.3,4.682,4,307,5.730099782973574,21.0,376.88,14.81,Low,0,0.14091669428576784,Northern tracts,Eastern tracts,Northern tracts / Eastern tracts
Lynnfield,2092,-71.0380638,42.533190000000005,34.9,34.9,0.03359,0.03303817907679737,75.0,2.95,0,0.428,7.024,15.8,5.4011,3,252,5.53338948872752,18.3,395.62,1.98,High,1,0.1742221448910608,Northern tracts,Eastern tracts,Northern tracts / Eastern tracts
Lynnfield,2091,-71.0550638,42.54419,30.8,30.8,0.02763,0.02725518006645146,75.0,2.95,0,0.428,6.595,21.8,5.4011,3,252,5.53338948872752,18.3,395.63,4.32,High,1,0.18420017635833133,Northern tracts,Eastern tracts,Northern tracts / Eastern tracts
Malden,3411,-71.07739633333333,42.42842973333334,22.8,22.8,0.10084,0.09607352474606409,0.0,10.01,0,0.547,6.715,81.6,2.6775,6,432,6.07073772800249,17.8,395.59,10.16,Mid-high,0,0.07140475346582978,Northern tracts,Eastern tracts,Northern tracts / Eastern tracts
Malden,3419,-71.07889633333333,42.420429733333336,19.3,19.3,0.14476,0.13519500804868875,0.0,10.01,0,0.547,5.731,65.2,2.7592,6,432,6.07073772800249,17.8,391.5,13.61,Mid-low,0,0.06427442791797114,Northern tracts,Western tracts,Northern tracts / Western tracts
Malden,3416,-71.07269633333333,42.42542973333334,21.2,21.2,0.13158,0.12361488619930212,0.0,10.01,0,0.547,6.176,72.5,2.7301,6,432,6.07073772800249,17.8,393.3,12.04,Mid-low,0,0.06728614184349294,Northern tracts,Eastern tracts,Northern tracts / Eastern tracts
Malden,3412,-71.06949633333332,42.41862973333333,18.8,18.8,0.12329,0.11626187928444467,0.0,10.01,0,0.547,5.913,92.9,2.3534,6,432,6.07073772800249,17.8,394.95,16.21,Mid-low,0,0.05994667611732246,Northern tracts,Eastern tracts,Northern tracts / Eastern tracts
Malden,3418,-71.06539633333333,42.421929733333336,20.4,20.4,0.13058,0.12273077538031703,0.0,10.01,0,0.547,5.872,73.1,2.4775,6,432,6.07073772800249,17.8,338.63,15.37,Mid-low,0,0.062496322165247684,Northern tracts,Eastern tracts,Northern tracts / Eastern tracts
Malden,3414,-71.06589633333333,42.42822973333334,18.5,18.5,0.14231,0.13305252798715148,0.0,10.01,0,0.547,6.254,84.2,2.2565,6,432,6.07073772800249,17.8,388.74,10.45,Mid-low,0,0.06880727619602635,Northern tracts,Eastern tracts,Northern tracts / Eastern tracts
Malden,3415,-71.05839633333332,42.429429733333336,18.3,18.3,0.17134,0.15814839260023486,0.0,10.01,0,0.547,5.928,88.2,2.4631,6,432,6.07073772800249,17.8,344.91,15.76,Mid-low,0,0.06944377306509186,Northern tracts,Eastern tracts,Northern tracts / Eastern tracts
Malden,3417,-71.05839633333332,42.42542973333334,19.2,19.2,0.15098,0.1406137533941644,0.0,10.01,0,0.547,6.021,82.6,2.7474,6,432,6.07073772800249,17.8,394.51,10.3,Mid-low,0,0.06544463118430399,Northern tracts,Eastern tracts,Northern tracts / Eastern tracts
Malden,3413,-71.04889633333333,42.427929733333336,18.7,18.7,0.22212,0.20058705560079912,0.0,10.01,0,0.547,6.092,95.4,2.548,6,432,6.07073772800249,17.8,396.9,17.09,Mid-low,0,0.06841138855616609,Northern tracts,Eastern tracts,Northern tracts / Eastern tracts
Manchester,2181,-71.4547891,42.9956397,33.0,33.0,0.01951,0.019322119714037033,17.5,1.38,0,0.4161,7.104,59.5,9.2229,3,216,5.37989735354046,18.6,393.24,8.05,High,1,0.7498493157260971,Northern tracts,Western tracts,Northern tracts / Western tracts
Marblehead,2031,-70.86363573333333,42.49462486666665,33.4,33.4,0.03237,0.031857129935659596,0.0,2.18,0,0.458,6.998,45.8,6.0622,3,222,5.407171771460119,18.7,394.63,2.94,High,1,0.23561323041916518,Northern tracts,Eastern tracts,Northern tracts / Eastern tracts
Marblehead,2032,-70.85763573333332,42.49962486666665,36.2,36.2,0.06905,0.06677040363385237,0.0,2.18,0,0.458,7.147,54.2,6.0622,3,222,5.407171771460119,18.7,396.9,5.33,High,1,0.24339518116680545,Northern tracts,Eastern tracts,Northern tracts / Eastern tracts
Marblehead,2033,-70.85213573333333,42.50562486666665,28.7,28.7,0.02985,0.029413160568349615,0.0,2.18,0,0.458,6.43,58.7,6.0622,3,222,5.407171771460119,18.7,394.12,5.21,High,1,0.25134830325378066,Northern tracts,Eastern tracts,Northern tracts / Eastern tracts
Marshfield,5062,-70.71558710000001,42.1009953,18.6,18.6,0.07244,0.06993642619916388,60.0,1.69,0,0.411,5.884,18.5,10.7103,4,411,6.021023349349527,18.3,392.33,7.79,Mid-low,0,0.42853961649828304,Southern tracts,Eastern tracts,Southern tracts / Eastern tracts
Marshfield,5061,-70.69558710000001,42.0824953,24.1,24.1,0.0795,0.076497970972725,60.0,1.69,0,0.411,6.579,35.9,10.7103,4,411,6.021023349349527,18.3,370.78,5.49,Mid-high,0,0.4556623122538159,Southern tracts,Eastern tracts,Southern tracts / Eastern tracts
Medfield,4061,-71.30645969999999,42.18758260000001,32.2,32.2,0.00906,0.00901920442015993,90.0,2.97,0,0.4,7.088,20.8,7.3073,1,285,5.655991810819852,15.3,394.72,7.85,High,1,0.3032456129061714,Southern tracts,Western tracts,Southern tracts / Western tracts
Medford,3395,-71.10662753636363,42.42337505454546,20.1,20.1,0.1396,0.1306773236416162,0.0,8.56,0,0.52,6.167,90.0,2.421,5,384,5.953243334287785,20.9,392.69,12.33,Mid-low,0,0.08049403645092905,Northern tracts,Western tracts,Northern tracts / Western tracts
Medford,3394,-71.12082753636363,42.41387505454546,19.3,19.3,0.21161,0.19195005368591092,0.0,8.56,0,0.52,6.137,87.4,2.7147,5,384,5.953243334287785,20.9,394.47,13.44,Mid-low,0,0.08352530096040874,Northern tracts,Western tracts,Northern tracts / Western tracts
Medford,3401,-71.12102753636363,42.42037505454546,21.7,21.7,0.10793,0.1024934094340411,0.0,8.56,0,0.52,6.195,54.4,2.7778,5,384,5.953243334287785,20.9,393.49,13.0,Mid-high,0,0.08800382164521384,Northern tracts,Western tracts,Northern tracts / Western tracts
Medford,3400,-71.11682753636363,42.41787505454546,19.4,19.4,0.26363,0.23398853135437195,0.0,8.56,0,0.52,6.229,91.2,2.5451,5,384,5.953243334287785,20.9,391.23,15.55,Mid-low,0,0.0832397503959583,Northern tracts,Western tracts,Northern tracts / Western tracts
Medford,3399,-71.10882753636363,42.41687505454546,19.8,19.8,0.12802,0.12046388341513765,0.0,8.56,0,0.52,6.474,97.1,2.4329,5,384,5.953243334287785,20.9,395.24,12.27,Mid-low,0,0.07694715949970077,Northern tracts,Western tracts,Northern tracts / Western tracts
Medford,3397,-71.10602753636363,42.41137505454546,19.5,19.5,0.1712,0.15802886422491005,0.0,8.56,0,0.52,5.836,91.9,2.211,5,384,5.953243334287785,20.9,395.67,18.66,Mid-low,0,0.071014755871125,Northern tracts,Western tracts,Northern tracts / Western tracts
Medford,3396,-71.10202753636364,42.41197505454546,19.5,19.5,0.13262,0.12453353302656034,0.0,8.56,0,0.52,5.851,96.7,2.1069,5,384,5.953243334287785,20.9,394.05,16.47,Mid-low,0,0.06876689120486497,Northern tracts,Western tracts,Northern tracts / Western tracts
Medford,3393,-71.09512753636363,42.41537505454546,18.6,18.6,0.22876,0.20600553079810677,0.0,8.56,0,0.52,6.405,85.4,2.7147,5,384,5.953243334287785,20.9,70.8,10.63,Mid-low,0,0.06723173131098506,Northern tracts,Western tracts,Northern tracts / Western tracts
Medford,3391,-71.09482753636364,42.41937505454546,27.5,27.5,0.14866,0.13859604559025773,0.0,8.56,0,0.52,6.727,79.9,2.7778,5,384,5.953243334287785,20.9,394.76,9.42,High,1,0.07040113358191666,Northern tracts,Western tracts,Northern tracts / Western tracts
Medford,3392,-71.09982753636363,42.42287505454546,26.5,26.5,0.11432,0.10824435339763891,0.0,8.56,0,0.52,6.781,71.3,2.8561,5,384,5.953243334287785,20.9,395.58,7.67,High,1,0.07607542543471253,Northern tracts,Western tracts,Northern tracts / Western tracts
Medford,3398,-71.09582753636363,42.42937505454546,20.4,20.4,0.13117,0.12325249529930257,0.0,8.56,0,0.52,6.127,85.2,2.1224,5,384,5.953243334287785,20.9,387.69,14.09,Mid-low,0,0.07950141994489399,Northern tracts,Western tracts,Northern tracts / Western tracts
Melrose,3364,-71.0709133,42.4626292,22.0,22.0,0.03932,0.038566653148816674,0.0,3.41,0,0.489,6.405,73.9,3.0921,2,270,5.602118820879701,17.8,393.55,8.2,Mid-high,0,0.10356800958563656,Northern tracts,Eastern tracts,Northern tracts / Eastern tracts
Melrose,3363,-71.0634133,42.4615292,22.6,22.6,0.04684,0.0457761026365836,0.0,3.41,0,0.489,6.417,66.1,3.0923,2,270,5.602118820879701,17.8,392.18,8.81,Mid-high,0,0.10173155296922495,Northern tracts,Eastern tracts,Northern tracts / Eastern tracts
Melrose,3362,-71.0589133,42.4550292,28.7,28.7,0.05302,0.0516622263237937,0.0,3.41,0,0.489,7.079,63.1,3.4145,2,270,5.602118820879701,17.8,396.06,5.7,High,1,0.09504845905920732,Northern tracts,Eastern tracts,Northern tracts / Eastern tracts
Melrose,3361,-71.0714133,42.4545292,23.6,23.6,0.0566,0.0550562057480784,0.0,3.41,0,0.489,7.007,86.3,3.4217,2,270,5.602118820879701,17.8,396.9,5.5,Mid-high,0,0.09562171756212468,Northern tracts,Eastern tracts,Northern tracts / Eastern tracts
Millis,4071,-71.351738,42.1669661,22.0,22.0,0.01096,0.010900374468288251,55.0,2.25,0,0.389,6.453,31.9,7.3073,1,300,5.707110264748875,15.3,394.72,8.23,Mid-high,0,0.35232453106930506,Southern tracts,Western tracts,Southern tracts / Western tracts
Milton,4164,-71.06854029999998,42.24128210000001,28.2,28.2,0.04932,0.04814233532601415,33.0,2.18,0,0.472,6.849,70.3,3.1827,7,222,5.407171771460119,18.4,396.9,7.53,High,1,0.11927748448260397,Southern tracts,Eastern tracts,Southern tracts / Eastern tracts
Milton,4163,-71.07904029999999,42.24878210000001,33.4,33.4,0.07503,0.07234856816697788,33.0,2.18,0,0.472,7.42,71.9,3.0992,7,222,5.407171771460119,18.4,396.9,6.47,High,1,0.11338075720552301,Southern tracts,Western tracts,Southern tracts / Western tracts
Milton,4162,-71.06704029999999,42.2552821,28.4,28.4,0.05479,0.053341694981823305,33.0,2.18,0,0.472,6.616,58.1,3.37,7,222,5.407171771460119,18.4,393.36,8.93,High,1,0.10519812833172992,Southern tracts,Eastern tracts,Southern tracts / Eastern tracts
Milton,4161,-71.05004029999999,42.252782100000005,36.1,36.1,0.05515,0.05368293691618483,33.0,2.18,0,0.472,7.236,41.1,4.022,7,222,5.407171771460119,18.4,393.68,6.93,High,1,0.10744354566235723,Southern tracts,Eastern tracts,Southern tracts / Eastern tracts
Nahant,2011,-70.922279,42.4265633,24.0,24.0,0.00632,0.006300112548479854,18.0,2.31,0,0.538,6.575,65.2,4.09,1,296,5.6937321388027,15.3,396.9,4.98,Mid-high,0,0.15026783004984642,Northern tracts,Eastern tracts,Northern tracts / Eastern tracts
Natick,3825,-71.3404091,42.289411433333335,22.2,22.2,0.1029,0.09794307432996417,30.0,4.93,0,0.428,6.358,52.9,7.0355,6,300,5.707110264748875,16.6,372.75,11.22,Mid-high,0,0.29206756702322184,Southern tracts,Western tracts,Southern tracts / Western tracts
Natick,3826,-71.3384091,42.28891143333333,23.7,23.7,0.12757,0.12006487472475483,30.0,4.93,0,0.428,6.393,7.8,7.0355,6,300,5.707110264748875,16.6,374.71,5.19,Mid-high,0,0.2902493167494694,Southern tracts,Western tracts,Southern tracts / Western tracts
Natick,3824,-71.3315091,42.265911433333336,20.1,20.1,0.10612,0.10085839631038275,30.0,4.93,0,0.428,6.095,65.1,6.3361,6,300,5.707110264748875,16.6,394.62,12.4,Mid-low,0,0.2901859823633781,Southern tracts,Western tracts,Southern tracts / Western tracts
Natick,3822,-71.34870910000001,42.26641143333333,23.3,23.3,0.09252,0.08848695445619936,30.0,4.93,0,0.428,6.606,42.2,6.1899,6,300,5.707110264748875,16.6,383.78,7.37,Mid-high,0,0.3063544007086149,Southern tracts,Western tracts,Southern tracts / Western tracts
Natick,3821,-71.3549091,42.28011143333333,23.7,23.7,0.08244,0.07921775210662887,30.0,4.93,0,0.428,6.481,18.5,6.1899,6,300,5.707110264748875,16.6,379.41,6.36,Mid-high,0,0.3084347823233683,Southern tracts,Western tracts,Southern tracts / Western tracts
Natick,3823,-71.3669091,42.27441143333333,22.0,27.0,0.11329,0.10731959540732398,30.0,4.93,0,0.428,6.897,54.3,6.3361,6,300,5.707110264748875,16.6,391.25,11.38,Mid-high,0,0.32151057992990617,Southern tracts,Western tracts,Southern tracts / Western tracts
Needham,4035,-71.22865479999999,42.2767685,29.1,29.1,0.07978,0.07675731668200717,40.0,6.41,0,0.447,6.482,32.1,4.1403,4,254,5.541263545158426,17.6,396.9,7.19,High,1,0.19076910901737779,Southern tracts,Western tracts,Southern tracts / Western tracts
Needham,4034,-71.2361548,42.2825685,33.1,33.1,0.06127,0.059466304166666525,40.0,6.41,1,0.447,6.826,27.6,4.8628,4,254,5.541263545158426,17.6,393.45,4.16,High,1,0.19517192307114162,Southern tracts,Western tracts,Southern tracts / Western tracts
Needham,4032,-71.23865479999999,42.2724685,32.0,32.0,0.09604,0.09170368421021316,40.0,6.41,0,0.447,6.854,42.8,4.2673,4,254,5.541263545158426,17.6,396.9,2.98,High,1,0.2016438192836215,Southern tracts,Western tracts,Southern tracts / Western tracts
Needham,4033,-71.24765479999999,42.2822685,33.2,33.2,0.10469,0.09956475262374566,40.0,6.41,1,0.447,7.267,49.0,4.7872,4,254,5.541263545158426,17.6,389.25,6.05,High,1,0.20589181347320742,Southern tracts,Western tracts,Southern tracts / Western tracts
Needham,4031,-71.23765479999999,42.2905685,32.4,32.4,0.05644,0.05490476516928596,40.0,6.41,1,0.447,6.758,32.9,4.0776,4,254,5.541263545158426,17.6,396.9,3.53,High,1,0.19353782564471636,Southern tracts,Western tracts,Southern tracts / Western tracts
Newton,3741,-71.19396584444442,42.34794685555557,24.3,24.3,0.537,0.42983246455645885,0.0,6.2,0,0.504,5.981,68.1,3.6715,8,307,5.730099782973574,17.4,378.35,11.65,Mid-high,0,0.13749516658912378,Southern tracts,Western tracts,Southern tracts / Western tracts
Newton,3737,-71.20496584444442,42.35084685555557,37.6,37.6,0.38214,0.32363302267493305,0.0,6.2,0,0.504,8.04,86.5,3.2157,8,307,5.730099782973574,17.4,387.38,3.13,High,1,0.1482486801808677,Southern tracts,Western tracts,Southern tracts / Western tracts
Newton,3731,-71.20896584444442,42.34764685555557,26.7,26.7,0.35809,0.3060793008727377,0.0,6.2,1,0.507,6.951,88.5,2.8617,8,307,5.730099782973574,17.4,391.7,9.71,High,1,0.15246710483042025,Southern tracts,Western tracts,Southern tracts / Western tracts
Newton,3732,-71.20476584444442,42.352546855555566,21.7,21.7,0.40771,0.341964270612869,0.0,6.2,1,0.507,6.164,91.3,3.048,8,307,5.730099782973574,17.4,395.24,21.46,Mid-high,0,0.14795368919524313,Northern tracts,Western tracts,Northern tracts / Western tracts
Newton,3733,-71.19396584444442,42.34024685555557,27.5,27.5,0.62356,0.4846212690691169,0.0,6.2,1,0.507,6.879,77.7,3.2721,8,307,5.730099782973574,17.4,390.39,9.93,High,1,0.13838290812024118,Southern tracts,Western tracts,Southern tracts / Western tracts
Newton,3734,-71.18516584444443,42.331746855555565,30.1,30.1,0.6147,0.47914918090543834,0.0,6.2,0,0.507,6.618,80.8,3.2721,8,307,5.730099782973574,17.4,396.9,7.6,High,1,0.13124299544413998,Southern tracts,Western tracts,Southern tracts / Western tracts
Newton,3736,-71.20546584444442,42.33674685555557,50.0,50.0,0.52693,0.4232591836664219,0.0,6.2,0,0.504,8.725,83.0,2.8944,8,307,5.730099782973574,17.4,382.0,4.63,High,1,0.15027579876063638,Southern tracts,Western tracts,Southern tracts / Western tracts
Newton,3747,-71.19996584444442,42.32894685555557,25.1,25.1,0.52058,0.41909184102282127,0.0,6.2,1,0.507,6.631,76.5,4.148,8,307,5.730099782973574,17.4,388.45,9.54,High,1,0.14629945474126763,Southern tracts,Western tracts,Southern tracts / Western tracts
Newton,3735,-71.19396584444442,42.31924685555557,44.8,44.8,0.31533,0.2740875847172427,0.0,6.2,0,0.504,8.266,78.3,2.8944,8,307,5.730099782973574,17.4,385.05,4.14,High,1,0.14290017958869475,Southern tracts,Western tracts,Southern tracts / Western tracts
Newton,3740,-71.20296584444442,42.31494685555557,31.5,31.5,0.44178,0.36587846134267826,0.0,6.2,0,0.504,6.552,21.4,3.3751,8,307,5.730099782973574,17.4,380.34,3.76,High,1,0.15276064142541101,Southern tracts,Western tracts,Southern tracts / Western tracts
Newton,3742,-71.21396584444442,42.32224685555557,31.7,31.7,0.46296,0.38046178058424046,0.0,6.2,0,0.504,7.412,76.9,3.6715,8,307,5.730099782973574,17.4,376.14,5.25,High,1,0.16144217614238884,Southern tracts,Western tracts,Southern tracts / Western tracts
Newton,3743,-71.21246584444442,42.327246855555565,41.7,41.7,0.57529,0.45443938231243075,0.0,6.2,0,0.507,8.337,73.3,3.8384,8,307,5.730099782973574,17.4,385.91,2.47,High,1,0.1588785613599741,Southern tracts,Western tracts,Southern tracts / Western tracts
Newton,3738,-71.22396584444442,42.32884685555557,31.6,31.6,0.41238,0.3452762246773023,0.0,6.2,0,0.504,7.163,79.9,3.2157,8,307,5.730099782973574,17.4,372.08,6.36,High,1,0.1698473185534988,Southern tracts,Western tracts,Southern tracts / Western tracts
Newton,3744,-71.21796584444442,42.33824685555557,48.3,48.3,0.33147,0.2862835950379259,0.0,6.2,0,0.507,8.247,70.4,3.6519,8,307,5.730099782973574,17.4,378.95,3.95,High,1,0.16242906873748095,Southern tracts,Western tracts,Southern tracts / Western tracts
Newton,3745,-71.21596584444443,42.348446855555565,29.0,29.0,0.44791,0.37012113733570884,0.0,6.2,1,0.507,6.726,66.5,3.6519,8,307,5.730099782973574,17.4,360.2,8.05,High,1,0.15938511488367652,Southern tracts,Western tracts,Southern tracts / Western tracts
Newton,3746,-71.22196584444443,42.34834685555557,24.0,24.0,0.33045,0.28551723087226977,0.0,6.2,0,0.507,6.086,61.5,3.6519,8,307,5.730099782973574,17.4,376.75,10.88,Mid-high,0,0.1653769198186516,Southern tracts,Western tracts,Southern tracts / Western tracts
Newton,3748,-71.23246584444442,42.345246855555565,31.5,31.5,0.51183,0.4133208375737469,0.0,6.2,0,0.507,7.358,71.6,4.148,8,307,5.730099782973574,17.4,390.07,4.73,High,1,0.17608497334409556,Southern tracts,Western tracts,Southern tracts / Western tracts
Newton,3739,-71.23306584444443,42.33724685555557,46.7,46.7,0.29819,0.2609709866142154,0.0,6.2,0,0.504,7.686,17.0,3.3751,8,307,5.730099782973574,17.4,377.51,3.92,High,1,0.17752996130804766,Southern tracts,Western tracts,Southern tracts / Western tracts
North Reading,3302,-71.0666653,42.5713439,19.4,19.4,0.04379,0.042858319801900656,80.0,3.37,0,0.398,5.787,31.1,6.6115,4,337,5.823045895483019,16.1,396.9,10.24,Mid-low,0,0.21156479407335493,Northern tracts,Eastern tracts,Northern tracts / Eastern tracts
North Reading,3301,-71.0906653,42.5788439,23.5,23.5,0.03584,0.03521269175574247,80.0,3.37,0,0.398,6.29,17.8,6.6115,4,337,5.823045895483019,16.1,396.9,4.67,Mid-high,0,0.22141816770830042,Northern tracts,Western tracts,Northern tracts / Western tracts
Norwell,5041,-70.7927832,42.1615157,24.5,24.5,0.01501,0.014898464661966655,80.0,2.01,0,0.435,6.635,29.7,8.344,4,280,5.638354669333745,17.0,390.94,5.99,Mid-high,0,0.33046412021387234,Southern tracts,Eastern tracts,Southern tracts / Eastern tracts
Norwood,4132,-71.1865895,42.19207089999999,21.7,21.7,0.08199,0.07880193823740345,0.0,13.92,0,0.437,6.009,42.3,5.5027,4,289,5.66988092298052,16.0,396.9,10.4,Mid-high,0,0.2121169986989766,Southern tracts,Western tracts,Southern tracts / Western tracts
Norwood,4131,-71.1955895,42.20377089999999,23.9,23.9,0.08265,0.07941173942416167,0.0,13.92,0,0.437,6.127,18.4,5.5027,4,289,5.66988092298052,16.0,396.9,8.58,Mid-high,0,0.20884104289402064,Southern tracts,Western tracts,Southern tracts / Western tracts
Norwood,4133,-71.2084895,42.19867089999999,28.6,28.6,0.12932,0.12161568167655973,0.0,13.92,0,0.437,6.678,31.1,5.9604,4,289,5.66988092298052,16.0,396.9,6.27,High,1,0.2213055514827008,Southern tracts,Western tracts,Southern tracts / Western tracts
Norwood,4134,-71.2055895,42.19287089999999,27.1,27.1,0.05372,0.052326760177767426,0.0,13.92,0,0.437,6.549,51.0,5.9604,4,289,5.66988092298052,16.0,392.85,7.39,High,1,0.22363133853971284,Southern tracts,Western tracts,Southern tracts / Western tracts
Norwood,4135,-71.1985895,42.18457089999999,20.3,20.3,0.14103,0.13193136325997015,0.0,13.92,0,0.437,5.79,58.0,6.32,4,289,5.66988092298052,16.0,396.9,15.84,Mid-low,0,0.2254394722249453,Southern tracts,Western tracts,Southern tracts / Western tracts
Peabody,2106,-70.96010534444444,42.54465087777777,20.0,20.0,0.18836,0.17257420533907458,0.0,6.91,0,0.448,5.786,33.3,5.1004,3,233,5.455321115357702,17.9,396.9,14.15,Mid-low,0,0.2085294246367437,Northern tracts,Eastern tracts,Northern tracts / Eastern tracts
Peabody,2109,-70.95910534444444,42.53315087777777,19.4,19.4,0.21977,0.1986623163820069,0.0,6.91,0,0.448,5.602,62.0,6.0877,3,233,5.455321115357702,17.9,396.9,16.2,Mid-low,0,0.19890849670528252,Northern tracts,Eastern tracts,Northern tracts / Eastern tracts
Peabody,2108,-70.93360534444444,42.53335087777777,14.4,14.4,0.25387,0.2262347685752403,0.0,6.91,0,0.448,5.399,95.3,5.87,3,233,5.455321115357702,17.9,396.9,30.81,Low,0,0.21278338244796885,Northern tracts,Eastern tracts,Northern tracts / Eastern tracts
Peabody,2101,-70.92360534444444,42.52665087777777,26.6,26.6,0.12744,0.11994957590111856,0.0,6.91,0,0.448,6.77,2.9,5.7209,3,233,5.455321115357702,17.9,385.41,4.84,High,1,0.2134634610299576,Northern tracts,Eastern tracts,Northern tracts / Eastern tracts
Peabody,2102,-70.92860534444443,42.517150877777766,25.3,25.3,0.1415,0.13234318698771316,0.0,6.91,0,0.448,6.169,6.6,5.7209,3,233,5.455321115357702,17.9,383.37,5.81,High,1,0.20293246650438984,Northern tracts,Eastern tracts,Northern tracts / Eastern tracts
Peabody,2105,-70.92110534444444,42.517150877777766,19.3,19.3,0.17142,0.15821668811495349,0.0,6.91,0,0.448,5.682,33.8,5.1004,3,233,5.455321115357702,17.9,396.9,10.21,Mid-low,0,0.2077588886062085,Northern tracts,Eastern tracts,Northern tracts / Eastern tracts
Peabody,2104,-70.91210534444444,42.52215087777777,21.2,21.2,0.12269,0.11572759134397041,0.0,6.91,0,0.448,6.069,40.0,5.7209,3,233,5.455321115357702,17.9,389.39,9.55,Mid-low,0,0.21745658962805803,Northern tracts,Eastern tracts,Northern tracts / Eastern tracts
Peabody,2103,-70.91110534444444,42.526150877777766,24.7,24.7,0.15936,0.14786812872457536,0.0,6.91,0,0.448,6.211,6.5,5.7209,3,233,5.455321115357702,17.9,394.46,7.44,Mid-high,0,0.2211139179382419,Northern tracts,Eastern tracts,Northern tracts / Eastern tracts
Peabody,2107,-70.90860534444444,42.53045087777777,16.6,16.6,0.22927,0.2064204972609395,0.0,6.91,0,0.448,6.03,85.5,5.6894,3,233,5.455321115357702,17.9,392.74,18.8,Low,0,0.22599662725949196,Northern tracts,Eastern tracts,Northern tracts / Eastern tracts
Pembroke,5082,-70.80944999999998,42.0824925,20.6,20.6,0.10659,0.10128321475208404,80.0,1.91,0,0.413,5.936,19.5,10.5857,4,334,5.814130531825066,22.0,376.04,5.57,Mid-low,0,0.37187553705004345,Southern tracts,Eastern tracts,Southern tracts / Eastern tracts
Pembroke,5081,-70.80895,42.0604925,18.2,18.2,0.04301,0.042110763700381956,80.0,1.91,0,0.413,5.663,21.9,10.5857,4,334,5.814130531825066,22.0,382.8,8.05,Mid-low,0,0.3888875738002584,Southern tracts,Eastern tracts,Southern tracts / Eastern tracts
Quincy,4177,-71.00928716666667,42.2499772,23.8,23.8,0.3692,0.3142266276738932,0.0,9.9,0,0.544,6.567,87.3,3.6023,4,304,5.720311776607412,18.4,395.69,9.28,Mid-high,0,0.11992302107825377,Southern tracts,Eastern tracts,Southern tracts / Eastern tracts
Quincy,4172,-71.01558716666666,42.2544772,20.3,20.3,0.3494,0.29966004921118794,0.0,9.9,0,0.544,5.972,76.7,3.1025,4,304,5.720311776607412,18.4,396.24,9.97,Mid-low,0,0.11335821136792669,Southern tracts,Eastern tracts,Southern tracts / Eastern tracts
Quincy,4180,-71.01148716666667,42.2704772,19.8,19.8,0.24522,0.21931222113316776,0.0,9.9,0,0.544,5.782,71.7,4.0317,4,304,5.720311776607412,18.4,396.9,15.94,Mid-low,0,0.10042783338232152,Southern tracts,Eastern tracts,Southern tracts / Eastern tracts
Quincy,4171,-71.00298716666666,42.2724772,22.8,22.8,0.49298,0.4007741226200408,0.0,9.9,0,0.544,6.635,82.5,3.3175,4,304,5.720311776607412,18.4,396.9,4.54,Mid-high,0,0.1028475895903066,Southern tracts,Eastern tracts,Southern tracts / Eastern tracts
Quincy,4173,-71.01048716666666,42.2614772,16.1,16.1,2.63548,1.290741151786282,0.0,9.9,0,0.544,4.973,37.8,2.5194,4,304,5.720311776607412,18.4,350.45,12.64,Low,0,0.10895038221380623,Southern tracts,Eastern tracts,Southern tracts / Eastern tracts
Quincy,4176,-71.00298716666666,42.2557772,21.6,21.6,0.26938,0.2385285922910863,0.0,9.9,0,0.544,6.266,82.8,3.2628,4,304,5.720311776607412,18.4,393.39,7.9,Mid-high,0,0.11738730001382706,Southern tracts,Eastern tracts,Southern tracts / Eastern tracts
Quincy,4174,-70.99548716666666,42.2474772,22.1,22.1,0.79041,0.5824446439039829,0.0,9.9,0,0.544,6.122,52.8,2.6403,4,304,5.720311776607412,18.4,396.9,5.98,Mid-high,0,0.1282388754806251,Southern tracts,Eastern tracts,Southern tracts / Eastern tracts
Quincy,4178,-70.97498716666666,42.2524772,16.2,16.2,0.25356,0.22598750344594104,0.0,9.9,0,0.544,5.705,77.7,3.945,4,304,5.720311776607412,18.4,396.42,11.5,Low,0,0.1352303861977823,Southern tracts,Eastern tracts,Southern tracts / Eastern tracts
Quincy,4175,-70.98348716666666,42.2429772,19.4,19.4,0.26169,0.2324520921057716,0.0,9.9,0,0.544,6.023,90.4,2.834,4,304,5.720311776607412,18.4,396.3,11.72,Mid-low,0,0.1381972227815578,Southern tracts,Eastern tracts,Southern tracts / Eastern tracts
Quincy,4179,-70.99948716666667,42.2369772,17.8,17.8,0.31827,0.2763202709424078,0.0,9.9,0,0.544,5.914,83.2,3.9986,4,304,5.720311776607412,18.4,390.7,18.33,Mid-low,0,0.13580256005638522,Southern tracts,Eastern tracts,Southern tracts / Eastern tracts
Quincy,4181,-71.00548716666667,42.2444772,23.1,23.1,0.40202,0.3379140538458848,0.0,9.9,0,0.544,6.382,67.2,3.5325,4,304,5.720311776607412,18.4,395.21,10.36,Mid-high,0,0.12648750656830896,Southern tracts,Eastern tracts,Southern tracts / Eastern tracts
Quincy,4182,-71.01548716666666,42.2454772,21.0,21.0,0.47547,0.3889765831033406,0.0,9.9,0,0.544,6.113,58.8,4.0019,4,304,5.720311776607412,18.4,396.23,12.73,Mid-low,0,0.12181456009525703,Southern tracts,Eastern tracts,Southern tracts / Eastern tracts
Randolph,4202,-71.05581156666666,42.16490213333333,22.6,22.6,0.06724,0.06507587673618768,0.0,3.24,0,0.46,6.333,17.2,5.2146,4,430,6.066108090103747,16.9,375.21,7.34,Mid-high,0,0.1951014862877115,Southern tracts,Eastern tracts,Southern tracts / Eastern tracts
Randolph,4201,-71.06981156666666,42.16690213333333,19.3,19.3,0.06617,0.06407278770058891,0.0,3.24,0,0.46,5.868,25.8,5.2146,4,430,6.066108090103747,16.9,382.44,9.97,Mid-low,0,0.19352240787999936,Southern tracts,Eastern tracts,Southern tracts / Eastern tracts
Randolph,4203,-71.05331156666666,42.14990213333333,19.8,19.8,0.04544,0.04443784943056829,0.0,3.24,0,0.46,6.144,32.2,5.8736,4,430,6.066108090103747,16.9,368.57,9.09,Mid-low,0,0.21013024084681658,Southern tracts,Eastern tracts,Southern tracts / Eastern tracts
Revere,1703,-71.0211573,42.4071927,23.1,23.1,0.17899,0.16465813975505655,0.0,9.69,0,0.585,5.67,28.8,2.7986,6,391,5.971261839790462,19.2,393.29,17.6,Mid-high,0,0.059260864629033135,Northern tracts,Eastern tracts,Northern tracts / Eastern tracts
Revere,1708,-71.0211573,42.4109927,16.8,16.8,0.22438,0.20243459342451153,0.0,9.69,0,0.585,6.027,79.7,2.4982,6,391,5.971261839790462,19.2,396.9,14.33,Low,0,0.062329403948541334,Northern tracts,Eastern tracts,Northern tracts / Eastern tracts
Revere,1707,-71.01915729999999,42.4156927,17.5,17.5,0.17783,0.16367376242147155,0.0,9.69,0,0.585,5.569,73.5,2.3999,6,391,5.971261839790462,19.2,395.77,15.1,Mid-low,0,0.06733310312603423,Northern tracts,Eastern tracts,Northern tracts / Eastern tracts
Revere,1706,-71.0096573,42.4134927,21.2,21.2,0.23912,0.21440145025736632,0.0,9.69,0,0.585,6.019,65.3,2.4091,6,391,5.971261839790462,19.2,396.9,12.92,Mid-low,0,0.07143388689256733,Northern tracts,Eastern tracts,Northern tracts / Eastern tracts
Revere,1704,-71.00335729999999,42.4105927,19.7,19.7,0.2896,0.25433209277022684,0.0,9.69,0,0.585,5.39,72.9,2.7986,6,391,5.971261839790462,19.2,396.9,21.14,Mid-low,0,0.0737371043409052,Northern tracts,Eastern tracts,Northern tracts / Eastern tracts
Revere,1701,-71.01365729999999,42.4064927,21.8,21.8,0.17331,0.15982881438052332,0.0,9.69,0,0.585,5.707,54.0,2.3817,6,391,5.971261839790462,19.2,396.9,12.01,Mid-high,0,0.06356225921552111,Northern tracts,Eastern tracts,Northern tracts / Eastern tracts
Revere,1702,-71.0071573,42.4039927,24.5,24.5,0.27957,0.24652408399188336,0.0,9.69,0,0.585,5.926,42.6,2.3817,6,391,5.971261839790462,19.2,396.9,13.59,Mid-high,0,0.06648046627830069,Northern tracts,Eastern tracts,Northern tracts / Eastern tracts
Revere,1705,-71.0006573,42.3989927,18.3,18.3,0.26838,0.23774049566117803,0.0,9.69,0,0.585,5.794,70.6,2.8927,6,391,5.971261839790462,19.2,396.9,14.1,Mid-low,0,0.06851956287499447,Northern tracts,Eastern tracts,Northern tracts / Eastern tracts
Salem,2045,-70.89478692857143,42.50596857142856,15.0,15.0,0.22489,0.20285104404642812,12.5,7.87,0,0.524,6.377,94.3,6.3467,5,311,5.7430031878094825,15.2,392.52,20.45,Low,0,0.21821985332958252,Northern tracts,Eastern tracts,Northern tracts / Eastern tracts
Salem,2044,-70.89628692857143,42.518968571428566,18.9,18.9,0.17004,0.15703793625945525,12.5,7.87,0,0.524,6.004,85.9,6.5921,5,311,5.7430031878094825,15.2,386.71,17.1,Mid-low,0,0.22605242318994354,Northern tracts,Eastern tracts,Northern tracts / Eastern tracts
Salem,2041,-70.89178692857143,42.52096857142856,22.9,22.9,0.08829,0.08460765703482563,12.5,7.87,0,0.524,6.012,66.6,5.5605,5,311,5.7430031878094825,15.2,395.6,12.43,Mid-high,0,0.23066477832259732,Northern tracts,Eastern tracts,Northern tracts / Eastern tracts
Salem,2047,-70.88778692857143,42.524968571428566,21.7,21.7,0.09378,0.08963958688495932,12.5,7.87,0,0.524,5.889,39.0,5.4509,5,311,5.7430031878094825,15.2,390.5,15.71,Mid-high,0,0.2363211651576584,Northern tracts,Eastern tracts,Northern tracts / Eastern tracts
Salem,2042,-70.89378692857143,42.524968571428566,27.1,22.1,0.14455,0.13501154665587695,12.5,7.87,0,0.524,6.172,96.1,5.9505,5,311,5.7430031878094825,15.2,396.9,19.15,High,1,0.23206278513439058,Northern tracts,Eastern tracts,Northern tracts / Eastern tracts
Salem,2046,-70.90278692857143,42.52596857142856,18.9,18.9,0.11747,0.11106720150765238,12.5,7.87,0,0.524,6.009,82.9,6.2267,5,311,5.7430031878094825,15.2,396.9,13.27,Mid-low,0,0.2265551546565867,Northern tracts,Eastern tracts,Northern tracts / Eastern tracts
Salem,2043,-70.90978692857142,42.51496857142856,16.5,16.5,0.21124,0.191644628254806,12.5,7.87,0,0.524,5.631,100.0,6.0821,5,311,5.7430031878094825,15.2,386.63,29.93,Low,0,0.2137450503053713,Northern tracts,Eastern tracts,Northern tracts / Eastern tracts
Scituate,5051,-70.73686330000001,42.203429,26.6,26.6,0.02899,0.028577738631707324,40.0,1.25,0,0.429,6.939,34.5,8.7921,1,335,5.817111159963204,19.7,389.85,5.89,High,1,0.35637337825360177,Southern tracts,Eastern tracts,Southern tracts / Eastern tracts
Scituate,5052,-70.7148633,42.188429,22.9,22.9,0.06211,0.06025749561032605,40.0,1.25,0,0.429,6.49,44.4,8.7921,1,335,5.817111159963204,19.7,396.9,5.98,Mid-high,0,0.3827455153596033,Southern tracts,Eastern tracts,Southern tracts / Eastern tracts
Sharon,4143,-71.19079036666668,42.12781656666667,24.8,24.8,0.04417,0.04322231145326899,70.0,2.24,0,0.4,6.871,47.4,7.8278,5,358,5.883322388488279,14.8,390.86,6.07,Mid-high,0,0.2679720301211622,Southern tracts,Western tracts,Southern tracts / Western tracts
Sharon,4142,-71.17079036666667,42.114316566666666,29.0,29.0,0.05561,0.054118798887496024,70.0,2.24,0,0.4,7.041,10.0,7.8278,5,358,5.883322388488279,14.8,371.58,4.74,High,1,0.27075560374734275,Southern tracts,Western tracts,Southern tracts / Western tracts
Sharon,4141,-71.17429036666667,42.12881656666667,22.5,22.5,0.06466,0.06265549936434228,70.0,2.24,0,0.4,6.345,20.1,7.8278,5,358,5.883322388488279,14.8,368.24,4.97,Mid-high,0,0.25923504770880457,Southern tracts,Western tracts,Southern tracts / Western tracts
Sherborn,3861,-71.3697813,42.23898570000001,44.0,44.0,0.01538,0.01526292666591237,90.0,3.75,0,0.394,7.454,34.2,6.3361,3,244,5.501258210544727,15.9,386.34,3.11,High,1,0.33537531577946583,Southern tracts,Western tracts,Southern tracts / Western tracts
Somerville,3511,-71.08722346666667,42.38778346666666,17.1,17.1,0.35233,0.3018290306776389,0.0,21.89,0,0.624,6.454,98.4,1.8498,4,437,6.082218910376446,21.2,394.08,14.59,Mid-low,0,0.041053367186733754,Northern tracts,Western tracts,Northern tracts / Western tracts
Somerville,3515,-71.09222346666668,42.38728346666666,14.4,14.4,1.62864,0.9664666021758896,0.0,21.89,0,0.624,5.019,100.0,1.4394,4,437,6.082218910376446,21.2,396.9,34.41,Low,0,0.04455423837716641,Northern tracts,Western tracts,Northern tracts / Western tracts
Somerville,3514,-71.09802346666667,42.38908346666666,14.0,14.0,0.2909,0.25533964953052657,0.0,21.89,0,0.624,6.174,93.6,1.6119,4,437,6.082218910376446,21.2,388.08,24.16,Low,0,0.05028690536016768,Northern tracts,Western tracts,Northern tracts / Western tracts
Somerville,3512,-71.10342346666667,42.39128346666666,13.3,13.3,0.2498,0.22298353851284425,0.0,21.89,0,0.624,5.857,98.2,1.6686,4,437,6.082218910376446,21.2,392.04,21.32,Low,0,0.05598029603382791,Northern tracts,Western tracts,Northern tracts / Western tracts
Somerville,3513,-71.10922346666668,42.39228346666666,17.8,17.8,0.54452,0.43471318246714963,0.0,21.89,0,0.624,6.151,97.9,1.6687,4,437,6.082218910376446,21.2,396.9,18.46,Mid-low,0,0.06139635730809104,Northern tracts,Western tracts,Northern tracts / Western tracts
Somerville,3510,-71.10872346666667,42.39278346666666,17.4,17.4,0.32264,0.2796297392609525,0.0,21.89,0,0.624,5.942,93.5,1.9669,4,437,6.082218910376446,21.2,378.25,16.9,Mid-low,0,0.06123783708380151,Northern tracts,Western tracts,Northern tracts / Western tracts
Somerville,3505,-71.11322346666667,42.39728346666666,19.6,19.6,1.19294,0.7852431092803437,0.0,21.89,0,0.624,6.326,97.7,2.271,4,437,6.082218910376446,21.2,396.9,12.26,Mid-low,0,0.06746210114354145,Northern tracts,Western tracts,Northern tracts / Western tracts
Somerville,3509,-71.11022346666667,42.39278346666666,18.1,18.1,0.55778,0.44326173080273074,0.0,21.89,0,0.624,6.335,98.2,2.1107,4,437,6.082218910376446,21.2,394.67,16.96,Mid-low,0,0.06250994393455718,Northern tracts,Western tracts,Northern tracts / Western tracts
Somerville,3501,-71.10922346666668,42.388483466666656,16.2,16.2,0.25915,0.23043689014167512,0.0,21.89,0,0.624,5.693,96.0,1.7883,4,437,6.082218910376446,21.2,392.11,17.19,Low,0,0.05948611891891961,Northern tracts,Western tracts,Northern tracts / Western tracts
Somerville,3502,-71.10192346666668,42.38578346666666,18.0,18.0,0.32543,0.28173693509215314,0.0,21.89,0,0.624,6.431,98.8,1.8125,4,437,6.082218910376446,21.2,396.9,15.39,Mid-low,0,0.051796766411645045,Northern tracts,Western tracts,Northern tracts / Western tracts
Somerville,3504,-71.09722346666668,42.38478346666666,19.2,19.2,0.34006,0.29271438907980246,0.0,21.89,0,0.624,6.458,98.9,2.1185,4,437,6.082218910376446,21.2,395.04,12.6,Mid-low,0,0.047245608163115065,Northern tracts,Western tracts,Northern tracts / Western tracts
Somerville,3503,-71.09622346666667,42.37978346666666,14.3,14.3,0.88125,0.6319364495150488,0.0,21.89,0,0.624,5.637,94.7,1.9799,4,437,6.082218910376446,21.2,396.9,18.34,Low,0,0.043930238910142076,Northern tracts,Western tracts,Northern tracts / Western tracts
Somerville,3506,-71.09102346666667,42.38228346666666,23.0,23.0,0.59005,0.46376546227858856,0.0,21.89,0,0.624,6.372,97.9,2.3274,4,437,6.082218910376446,21.2,385.76,11.12,Mid-high,0,0.04067123271677232,Northern tracts,Western tracts,Northern tracts / Western tracts
Somerville,3507,-71.08602346666667,42.38348346666666,18.4,18.4,0.32982,0.2850435947287374,0.0,21.89,0,0.624,5.822,95.4,2.4699,4,437,6.082218910376446,21.2,388.69,15.03,Mid-low,0,0.0373340973378977,Northern tracts,Western tracts,Northern tracts / Western tracts
Somerville,3508,-71.08852346666667,42.37878346666666,15.6,15.6,0.97617,0.6811606280137663,0.0,21.89,0,0.624,5.757,98.4,2.346,4,437,6.082218910376446,21.2,262.76,17.31,Low,0,0.03669533445415411,Northern tracts,Western tracts,Northern tracts / Western tracts
Stoneham,3371,-71.09413856666666,42.47558023333333,22.9,22.9,0.04203,0.0411707337036766,28.0,15.04,0,0.464,6.442,53.6,3.6659,4,270,5.602118820879701,18.2,395.01,8.16,Mid-high,0,0.12140042615840045,Northern tracts,Western tracts,Northern tracts / Western tracts
Stoneham,3372,-71.10313856666666,42.48858023333333,25.0,25.0,0.02875,0.02834447300914252,28.0,15.04,0,0.464,6.211,28.9,3.6659,4,270,5.602118820879701,18.2,396.33,6.21,Mid-high,1,0.1366076269397402,Northern tracts,Western tracts,Northern tracts / Western tracts
Stoneham,3373,-71.10263856666666,42.47658023333333,20.6,20.6,0.04294,0.042043647997679325,28.0,15.04,0,0.464,6.249,77.3,3.615,4,270,5.602118820879701,18.2,396.9,10.59,Mid-low,0,0.12519516592680532,Northern tracts,Western tracts,Northern tracts / Western tracts
Sudbury,3651,-71.4066725,42.3934278,34.9,34.9,0.0315,0.03101405352916946,95.0,1.47,0,0.403,6.975,15.3,7.6534,3,402,5.998936561946683,17.0,396.9,4.56,High,1,0.35126667230052977,Northern tracts,Western tracts,Northern tracts / Western tracts
Sudbury,3652,-71.4256725,42.3734278,32.9,32.9,0.01778,0.017623784753549428,95.0,1.47,0,0.403,7.135,13.9,7.6534,3,402,5.998936561946683,17.0,384.3,4.45,High,1,0.3689169528079346,Northern tracts,Western tracts,Northern tracts / Western tracts
Swampscott,2021,-70.92455619999998,42.4731937,21.6,21.6,0.02731,0.026943735447546184,0.0,7.07,0,0.469,6.421,78.9,4.9671,2,242,5.493061443340548,17.8,396.9,9.14,Mid-high,0,0.17422449276188387,Northern tracts,Eastern tracts,Northern tracts / Eastern tracts
Swampscott,2022,-70.91055619999999,42.4686937,34.7,34.7,0.02729,0.026924266937859983,0.0,7.07,0,0.469,7.185,61.1,4.9671,2,242,5.493061443340548,17.8,392.83,4.03,High,1,0.18237353694583802,Northern tracts,Eastern tracts,Northern tracts / Eastern tracts
Topsfield,2141,-70.9495053,42.6375941,35.4,35.4,0.01311,0.013024807722689456,90.0,1.22,0,0.403,7.249,21.9,8.6966,5,226,5.424950017481403,17.9,395.93,4.81,High,1,0.29768035689796823,Northern tracts,Eastern tracts,Northern tracts / Eastern tracts
Wakefield,3354,-71.0740891,42.5111895,22.2,22.2,0.07151,0.06906886859909778,0.0,4.49,0,0.449,6.121,56.8,3.7476,3,247,5.5134287461649825,18.5,395.15,8.44,Mid-high,0,0.15215223379582715,Northern tracts,Eastern tracts,Northern tracts / Eastern tracts
Wakefield,3351,-71.08108909999999,42.5036895,23.9,23.9,0.05059,0.04935191112196916,0.0,4.49,0,0.449,6.389,48.0,4.7794,3,247,5.5134287461649825,18.5,396.9,9.62,Mid-high,0,0.1456947396066838,Northern tracts,Western tracts,Northern tracts / Western tracts
Wakefield,3352,-71.06408909999999,42.5086895,26.6,26.6,0.05735,0.055765777905857246,0.0,4.49,0,0.449,6.63,56.1,4.4377,3,247,5.5134287461649825,18.5,392.3,6.53,High,1,0.14885839831551592,Northern tracts,Eastern tracts,Northern tracts / Eastern tracts
Wakefield,3353,-71.07008909999999,42.4921895,22.5,22.5,0.05188,0.050579039368154076,0.0,4.49,0,0.449,6.015,45.1,4.4272,3,247,5.5134287461649825,18.5,395.99,12.86,Mid-high,0,0.13283594562113213,Northern tracts,Eastern tracts,Northern tracts / Eastern tracts
Walpole,4112,-71.25234293333332,42.12941086666666,22.3,22.3,0.0459,0.04487775877808546,52.5,5.32,0,0.405,6.315,45.6,7.3172,6,293,5.683579767338681,16.6,396.9,7.6,Mid-high,0,0.30220888473816765,Southern tracts,Western tracts,Southern tracts / Western tracts
Walpole,4111,-71.23684293333332,42.14591086666666,23.2,23.2,0.03871,0.03797955862417436,52.5,5.32,0,0.405,6.209,31.3,7.3172,6,293,5.683579767338681,16.6,396.9,7.14,Mid-high,0,0.27960264247920225,Southern tracts,Western tracts,Southern tracts / Western tracts
Walpole,4113,-71.25934293333333,42.14991086666666,24.8,24.8,0.04297,0.04207241242184151,52.5,5.32,0,0.405,6.565,22.9,7.3172,6,293,5.683579767338681,16.6,371.72,9.51,Mid-high,0,0.29168494410011875,Southern tracts,Western tracts,Southern tracts / Western tracts
Waltham,3681,-71.24276584545453,42.39295792727272,22.6,22.6,0.13642,0.12788297027984558,0.0,10.59,0,0.489,5.891,22.3,3.9454,4,277,5.627621113690637,18.6,396.9,10.87,Mid-high,0,0.18866683414831717,Northern tracts,Western tracts,Northern tracts / Western tracts
Waltham,3682,-71.24526584545454,42.37925792727272,24.4,24.4,0.22969,0.20676210509846787,0.0,10.59,0,0.489,6.326,52.5,4.3549,4,277,5.627621113690637,18.6,394.87,10.97,Mid-high,0,0.1892482399589313,Northern tracts,Western tracts,Northern tracts / Western tracts
Waltham,3683,-71.24426584545454,42.37525792727271,22.5,22.5,0.25199,0.22473428542556148,0.0,10.59,0,0.489,5.783,72.7,4.3549,4,277,5.627621113690637,18.6,389.43,18.06,Mid-high,0,0.18788640509217394,Northern tracts,Western tracts,Northern tracts / Western tracts
Waltham,3686,-71.24556584545454,42.37045792727272,21.7,21.7,0.17446,0.1608084674913248,0.0,10.59,1,0.489,5.96,92.1,3.8771,4,277,5.627621113690637,18.6,393.25,17.27,Mid-high,0,0.18885562293674102,Northern tracts,Western tracts,Northern tracts / Western tracts
Waltham,3687,-71.23826584545453,42.37015792727272,19.3,19.3,0.37578,0.31902084300745703,0.0,10.59,1,0.489,5.404,88.6,3.665,4,277,5.627621113690637,18.6,395.24,23.98,Mid-low,0,0.18155024157192545,Northern tracts,Western tracts,Northern tracts / Western tracts
Waltham,3684,-71.23876584545454,42.36615792727272,24.4,24.4,0.13587,0.12739887713087172,0.0,10.59,1,0.489,6.064,59.1,4.2392,4,277,5.627621113690637,18.6,381.32,14.66,Mid-high,0,0.181870125754886,Northern tracts,Western tracts,Northern tracts / Western tracts
Waltham,3689,-71.23326584545454,42.37005792727272,28.1,28.1,0.14052,0.1314842987568961,0.0,10.59,0,0.489,6.375,32.3,3.9454,4,277,5.627621113690637,18.6,385.81,9.38,High,1,0.17655257056986215,Northern tracts,Western tracts,Northern tracts / Western tracts
Waltham,3691,-71.22876584545453,42.37345792727272,25.0,25.0,0.19802,0.18067019404472417,0.0,10.59,0,0.489,6.182,42.4,3.9454,4,277,5.627621113690637,18.6,393.63,9.47,Mid-high,1,0.17229225598147843,Northern tracts,Western tracts,Northern tracts / Western tracts
Waltham,3690,-71.23276584545454,42.38395792727272,23.7,23.7,0.28955,0.2542933203064257,0.0,10.59,0,0.489,5.412,9.8,3.5875,4,277,5.627621113690637,18.6,348.93,29.55,Mid-high,0,0.17739113480541338,Northern tracts,Western tracts,Northern tracts / Western tracts
Waltham,3685,-71.22226584545453,42.38345792727272,20.0,20.0,0.43571,0.3616595003706892,0.0,10.59,1,0.489,5.344,100.0,3.875,4,277,5.627621113690637,18.6,396.9,23.09,Mid-low,0,0.16692235927440077,Northern tracts,Western tracts,Northern tracts / Western tracts
Waltham,3688,-71.21976584545453,42.37615792727272,22.4,22.4,0.21719,0.19654492343019744,0.0,10.59,1,0.489,5.807,53.8,3.6526,4,277,5.627621113690637,18.6,390.94,16.03,Mid-high,0,0.1635658859917876,Northern tracts,Western tracts,Northern tracts / Western tracts
Wayland,3661,-71.3636984,42.351345300000006,24.1,24.1,0.03445,0.03386988450761521,82.5,2.03,0,0.415,6.162,38.4,6.27,2,348,5.855071922202427,14.7,393.77,7.43,Mid-high,0,0.3068204888768856,Northern tracts,Western tracts,Northern tracts / Western tracts
Wayland,3662,-71.3591984,42.373845300000006,42.3,42.3,0.02177,0.021536417530524612,82.5,2.03,0,0.415,7.61,15.7,6.27,2,348,5.855071922202427,14.7,395.38,3.11,High,1,0.3025153967893981,Northern tracts,Western tracts,Northern tracts / Western tracts
Wellesley,4043,-71.2712627,42.301472,35.4,35.4,0.03705,0.0363801440927505,20.0,3.33,0,0.4429,6.968,37.2,5.2447,5,216,5.37989735354046,14.9,392.23,4.59,High,1,0.2221126547391815,Southern tracts,Western tracts,Southern tracts / Western tracts
Wellesley,4042,-71.2892627,42.300472,45.4,45.4,0.03578,0.035154766074375454,20.0,3.33,0,0.4429,7.82,64.5,4.6947,5,216,5.37989735354046,14.9,387.31,3.76,High,1,0.23976977414863324,Southern tracts,Western tracts,Southern tracts / Western tracts
Wellesley,4041,-71.3082627,42.298272,35.1,35.1,0.21038,0.19093435989217727,20.0,3.33,0,0.4429,6.812,32.2,4.1007,5,216,5.37989735354046,14.9,396.9,4.85,High,1,0.25873401476282415,Southern tracts,Western tracts,Southern tracts / Western tracts
Wellesley,4044,-71.30076269999999,42.286972,46.0,46.0,0.06129,0.05948514933476599,20.0,3.33,1,0.4429,7.645,49.7,5.2119,5,216,5.37989735354046,14.9,377.07,3.01,High,1,0.2544667811233631,Southern tracts,Western tracts,Southern tracts / Western tracts
Wenham,2161,-70.8911612,42.604261,31.6,31.6,0.01432,0.014218437237555498,100.0,1.32,0,0.411,6.816,40.5,8.3248,5,256,5.54907608489522,15.1,392.9,3.95,High,1,0.29523879099204053,Northern tracts,Eastern tracts,Northern tracts / Eastern tracts
Weymouth,4225,-70.9522231,42.19229739999999,18.5,18.5,0.03041,0.029956781289803308,0.0,5.19,0,0.515,5.895,59.6,5.615,5,224,5.41610040220442,20.2,394.81,10.56,Mid-low,0,0.19774316883365442,Southern tracts,Eastern tracts,Southern tracts / Eastern tracts
Weymouth,4227,-70.9377231,42.19379739999999,19.0,19.0,0.05497,0.053512330504761216,0.0,5.19,0,0.515,5.985,45.4,4.8122,5,224,5.41610040220442,20.2,396.9,9.74,Mid-low,0,0.20457341743338697,Southern tracts,Eastern tracts,Southern tracts / Eastern tracts
Weymouth,4223,-70.9427231,42.20779739999999,21.1,21.1,0.03961,0.038845642823198225,0.0,5.19,0,0.515,6.037,34.5,5.9853,5,224,5.41610040220442,20.2,396.9,8.01,Mid-low,0,0.19032824624940614,Southern tracts,Eastern tracts,Southern tracts / Eastern tracts
Weymouth,4228,-70.9487231,42.22079739999999,18.7,18.7,0.06151,0.05969242274798216,0.0,5.19,0,0.515,5.968,58.5,4.8122,5,224,5.41610040220442,20.2,396.9,9.29,Mid-low,0,0.17635546750916092,Southern tracts,Eastern tracts,Southern tracts / Eastern tracts
Weymouth,4224,-70.9329231,42.21979739999999,19.5,19.5,0.03427,0.03369586385672553,0.0,5.19,0,0.515,5.869,46.3,5.2311,5,224,5.41610040220442,20.2,396.9,9.8,Mid-low,0,0.1872213827541448,Southern tracts,Eastern tracts,Southern tracts / Eastern tracts
Weymouth,4226,-70.9360231,42.23019739999999,20.6,20.6,0.03306,0.032525271703396835,0.0,5.19,0,0.515,6.059,37.3,4.8122,5,224,5.41610040220442,20.2,396.14,8.51,Mid-low,0,0.17743766595729804,Southern tracts,Eastern tracts,Southern tracts / Eastern tracts
Weymouth,4222,-70.9402231,42.23679739999999,20.7,20.7,0.03738,0.03669830378267371,0.0,5.19,0,0.515,6.31,38.5,6.4584,5,224,5.41610040220442,20.2,389.4,6.75,Mid-low,0,0.1697519514479073,Southern tracts,Eastern tracts,Southern tracts / Eastern tracts
Weymouth,4221,-70.9377231,42.24309739999999,22.2,22.2,0.05083,0.049580328098150495,0.0,5.19,0,0.515,6.316,38.1,6.4584,5,224,5.41610040220442,20.2,389.71,5.68,Mid-high,0,0.16701256467814934,Southern tracts,Eastern tracts,Southern tracts / Eastern tracts
Woburn,3334,-71.1697765,42.47667846666667,20.8,20.8,0.08707,0.08348600348975033,0.0,12.83,0,0.437,6.14,45.8,4.0905,5,398,5.988961416889864,18.7,386.96,10.27,Mid-low,0,0.16227262102996362,Northern tracts,Western tracts,Northern tracts / Western tracts
Woburn,3333,-71.15927649999999,42.47517846666667,20.0,20.0,0.10153,0.09670012247721364,0.0,12.83,0,0.437,6.279,74.5,4.0522,5,398,5.988961416889864,18.7,373.66,11.97,Mid-low,0,0.1540342872088313,Northern tracts,Western tracts,Northern tracts / Western tracts
Woburn,3335,-71.1492765,42.471178466666665,21.2,21.2,0.05646,0.054923696495899246,0.0,12.83,0,0.437,6.232,53.7,5.0141,5,398,5.988961416889864,18.7,386.4,12.34,Mid-low,0,0.14448392264400978,Northern tracts,Western tracts,Northern tracts / Western tracts
Woburn,3331,-71.13527649999999,42.477178466666665,24.1,24.1,0.07896,0.0759976142264651,0.0,12.83,0,0.437,6.273,6.0,4.2515,5,398,5.988961416889864,18.7,394.92,6.78,Mid-high,0,0.14091842854147485,Northern tracts,Western tracts,Northern tracts / Western tracts
Woburn,3332,-71.1497765,42.48267846666667,21.4,21.4,0.09512,0.09086394630511974,0.0,12.83,0,0.437,6.286,45.0,4.5026,5,398,5.988961416889864,18.7,383.23,8.94,Mid-high,0,0.15380989934310213,Northern tracts,Western tracts,Northern tracts / Western tracts
Woburn,3336,-71.15027649999999,42.49267846666667,20.3,20.3,0.08387,0.08053796962647085,0.0,12.83,0,0.437,5.874,36.6,4.5026,5,398,5.988961416889864,18.7,396.06,9.1,Mid-low,0,0.16218532908147357,Northern tracts,Western tracts,Northern tracts / Western tracts
